lokasi_sampling,latitude,longitude,kondisi,risk_class,Escherichia coli,Total Coliform,Temperatur,Total Dissolve Solid,Kekeruhan,Warna,pH,Nitrat (sebagai NO3) (terlarut),Kromium valensi 6 (Cr6+) (terlarut),Besi (Fe) (terlarut),Mangan (Mn) terlarut,Salinitas,Oksigen terlarut (DO),Daya Hantar Listrik,ORP*,Deterjen,Zat Organik (KMnO4),Air Raksa,Timbal,Nitrit (sebagai NO2) (terlarut),Kadmium,PH,WARNA,KEKERUHAN,NITRAT (SEBAGAI N),NITRIT (NO2-N),TDS,TOTAL COLIFORM,E. COLI
Ancol,-6.131608,106.82029,berat,3,0.0,2100.0,29.55,522.0,6.14,4.0,7.875,2.0,0.001,4.14,1.01,0.05,5.2,786.0,-74.5,0.1,20.26,0.0009,0.01,0.048,0.005,,,,,,,,
Balekambang,-6.28175,106.85028,baik,0,0.0,0.0,30.45,172.5,0.02,3.0,5.725,15.7,0.001,0.03,0.1,1.5,3.55,262.0,81.5,0.03,5.62,0.0009,0.01,0.01,0.005,,,,,,,,
Ancol 208,-6.12897,106.81189,sedang,2,0.05,0.0,30.9,18950.0,2.845,8.0,5.64,4.6,0.006,0.05,3.88,1.66,3.65,2855.0,72.0,0.13,29.93,0.0009,0.01,0.01,0.005,,,,,,,,
Bangka,-6.259194444,106.827,berat,3,100.0,1400.0,29.25,346.5,0.37,6.0,7.135,0.54,0.001,0.71,0.21,0.03,4.1,520.0,1.5,0.08,2.4,0.0009,0.01,0.01,0.005,,,,,,,,
Angke,-6.143691667,106.800125,ringan,1,0.0,0.0,30.8,947.0,0.24,70.0,8.405,1.7,0.014,0.11,0.03,0.1,3.65,1423.5,-75.0,0.03,31.22,0.0009,0.01,0.01,0.005,,,,,,,,
Bidara Cina,-6.240085,106.867313,sedang,2,0.0,100.0,16.555,255.0,0.0,1.0,6.955,5.5,0.001,0.06,0.01,1.5,2.95,379.0,-2.5,0.06,2.46,0.0009,0.01,0.01,0.005,,,,,,,,
Cakung Barat,-6.173333333,106.9325,berat,3,0.0,4000.0,28.8,5575.0,0.05,18.0,7.285,1.1,0.001,0.11,0.12,44.5,3.9,841.5,-21.0,0.1,19.21,0.0009,0.01,0.01,0.005,,,,,,,,
Balimester,-6.220187,106.866223,baik,0,0.0,0.0,29.3,195.0,0.16,1.0,6.045,10.0,0.001,0.01,0.06,2.0,4.1,294.0,54.0,0.07,2.4,0.0009,0.01,0.01,0.005,,,,,,,,
Cawang,-6.250276,106.868476,ringan,1,0.0,0.0,29.8,249.0,0.88,1.0,6.455,2.6,0.002,0.02,0.58,2.0,3.15,375.5,39.0,0.03,1.61,0.0009,0.01,0.01,0.005,,,,,,,,
Bambu Apus,-6.305833333,106.9069444,sedang,2,0.0,100.0,28.85,124.45,1.015,3.0,6.845,4.8,0.001,0.04,0.06,0.01,6.2,187.1,20.0,0.08,17.04,0.0009,0.01,0.01,0.005,,,,,,,,
Ceger,-6.314444444,106.8891667,baik,0,0.0,0.0,28.15,81.15,16.16,1.0,5.43,7.8,0.001,0.01,0.04,0.01,5.25,121.85,563.5,0.03,5.07,0.0009,0.01,0.01,0.005,,,,,,,,
Cikini,-6.191140267,106.8427243,ringan,1,0.0,0.0,33.95,230.5,0.045,1.0,7.38,0.54,0.001,0.37,0.03,2.0,4.5,347.5,-15.5,0.06,1.21,0.0009,0.01,0.01,0.005,,,,,,,,
Baru,-6.323055556,106.8511111,berat,3,0.0,1400.0,29.25,319.0,0.1,7.0,7.2,19.1,0.001,0.01,0.01,3.0,7.2,477.5,-4.5,0.04,1.21,0.0009,0.01,0.01,0.005,,,,,,,,
Cilandak Timur,-6.30705,106.8104,baik,0,0.0,0.0,27.05,153.0,0.375,5.0,8.12,0.54,0.001,0.04,0.01,1.0,7.65,231.0,-60.0,0.03,2.08,0.0009,0.01,0.01,0.005,,,,,,,,
Batu Ampar,-6.28296,106.8589,ringan,1,0.0,0.0,29.85,213.5,3.05,1.0,7.155,1.8,0.001,0.14,0.12,2.0,5.4,318.5,-14.0,0.03,4.49,0.0009,0.01,0.01,0.005,,,,,,,,
Cilangkap,-6.333611111,106.9033333,sedang,2,0.0,100.0,27.35,158.0,0.13,1.0,5.215,12.9,0.001,0.01,0.72,0.015,4.9,237.5,65.5,0.03,4.21,0.0009,0.01,0.01,0.005,,,,,,,,
Bendungan Hilir,-6.203174,106.804301,sedang,2,0.0,100.0,31.55,310.0,2.45,1.0,6.885,9.9,0.001,0.22,0.01,0.02,3.15,455.0,26.5,0.04,1.13,0.0009,0.01,0.014,0.005,,,,,,,,
Cipedak,-6.3449,106.8029,baik,0,0.0,0.0,26.95,125.5,0.64,3.0,6.725,7.0,0.001,0.01,0.02,0.01,7.02,191.0,23.0,0.03,1.3,0.0009,0.01,0.01,0.005,,,,,,,,
Cipete Selatan,-6.2739,106.7986,baik,0,0.0,0.0,31.8,231.5,0.01,5.0,7.255,2.9,0.001,0.01,0.01,2.0,5.25,346.5,-6.5,0.03,2.31,0.0009,0.01,0.01,0.005,,,,,,,,
Bukit Duri,-6.224163889,106.8611306,sedang,2,0.0,200.0,29.6,283.0,0.27,1.0,6.75,11.1,0.001,0.01,0.01,0.02,5.1,334.0,30.5,0.06,2.47,0.0009,0.01,0.01,0.005,,,,,,,,
Bintaro,-6.27293,106.76447,ringan,1,0.0,0.0,28.9,143.0,0.74,5.0,6.29,14.5,0.001,0.01,0.29,1.0,6.35,217.0,49.0,0.03,2.02,0.0009,0.01,0.01,0.005,,,,,,,,
Cipinang Besar Selatan,-6.231859,106.881241,baik,0,0.0,0.0,29.85,240.0,2.35,2.0,6.76,2.4,0.001,0.02,0.01,0.02,6.1,325.0,35.5,0.04,3.51,0.0009,0.01,0.01,0.005,,,,,,,,
Bungur,-6.168777778,106.8464722,ringan,1,0.0,0.0,30.65,451.0,0.24,4.0,7.015,4.6,0.001,0.01,0.01,0.04,4.55,667.0,-22.0,0.03,2.2,0.0009,0.01,0.01,0.005,,,,,,,,
Cipinang Besar Utara,-6.217232,106.882231,ringan,1,0.0,0.0,30.4,398.0,2.715,5.0,7.325,1.3,0.001,0.54,0.57,0.04,5.75,596.5,-6.5,0.06,3.07,0.0009,0.01,0.01,0.005,,,,,,,,
Cipinang Cempedak,-6.228322,106.87436,baik,0,0.0,0.0,29.0,210.0,0.4,10.0,6.835,0.8,0.001,0.01,0.01,0.01,4.0,290.0,29.0,0.03,1.05,0.0009,0.01,0.01,0.005,,,,,,,,
Cakung Timur,-6.183577,106.95749,sedang,2,0.0,300.0,27.45,413.5,1.0,12.0,7.32,1.3,0.001,2.7,0.64,3.0,3.05,621.0,-19.5,0.03,5.97,0.0009,0.01,0.01,0.005,,,,,,,,
Cipinang Muara,-6.227647,106.886402,baik,0,0.0,0.0,24.65,160.0,0.26,2.0,7.045,3.0,0.001,0.06,0.01,0.02,5.95,740.5,7.5,0.03,4.49,0.0009,0.01,0.01,0.005,,,,,,,,
Ciracas,-6.328055556,106.8775,baik,0,0.0,0.0,29.35,140.0,0.3,7.0,6.8,3.7,0.001,0.01,0.02,0.0,5.15,200.0,31.0,0.06,0.33,0.0009,0.01,0.01,0.005,,,,,,,,
Cempaka Baru,-6.16989,106.8593,sedang,2,0.0,200.0,29.05,390.5,0.17,2.0,6.92,1.4,0.001,0.16,0.01,0.03,3.9,596.0,14.0,0.32,2.2,0.0009,0.01,0.01,0.005,,,,,,,,
Gandaria Selatan,-6.27052,106.7938,ringan,1,0.0,0.0,29.45,197.5,1.535,3.0,5.485,13.0,0.001,0.02,0.29,2.0,5.1,294.0,108.5,0.03,2.24,0.0009,0.01,0.01,0.005,,,,,,,,
Cempaka Putih Barat,-6.184027778,106.8676028,sedang,2,0.0,200.0,29.8,4.0,3.59,1.0,7.22,1.9,0.001,0.12,0.04,340.84,6.15,4.425,-30.0,0.07,3.16,0.0009,0.01,0.01,0.005,,,,,,,,
Gandaria Utara,-6.257356,106.788091,ringan,1,0.0,0.0,29.05,345.0,4.5,5.0,7.29,2.3,0.003,0.09,0.22,0.02,4.4,490.0,-3.0,0.03,8.28,0.0009,0.01,0.05,0.005,,,,,,,,
Cempaka Putih Timur,-6.1738944,106.870416,baik,0,0.0,0.0,28.8,352.0,0.04,5.0,7.08,10.5,0.001,0.11,0.01,0.03,6.6,518.5,-3.0,0.04,1.69,0.0009,0.01,0.01,0.005,,,,,,,,
Gedong,-6.301111111,106.8658333,ringan,1,0.0,0.0,29.95,181.5,0.3,1.0,6.575,6.4,0.002,0.01,0.19,2.0,3.95,273.0,45.0,0.08,1.55,0.0009,0.01,0.01,0.005,,,,,,,,
Cengkareng Barat,-6.1497,106.7219,ringan,1,0.0,0.0,28.45,630.0,3.95,1.0,6.505,0.54,0.001,0.09,0.51,0.045,2.85,900.0,46.0,0.06,2.8,0.0009,0.02,0.072,0.005,,,,,,,,
Gondangdia,-6.188797222,106.838825,sedang,2,100.0,100.0,28.75,168.5,1.455,1.0,7.5,10.1,0.001,0.03,0.01,1.0,4.15,253.0,-17.5,0.03,1.13,0.0009,0.01,0.01,0.005,,,,,,,,
Cengkareng Timur,-6.1479,106.7331,berat,3,0.0,900.0,29.55,1295.0,3.1,1.0,6.37,0.7,0.001,0.03,0.14,0.095,5.4,1825.0,58.5,0.03,1.14,0.0009,0.02,0.058,0.005,,,,,,,,
Guntur,-6.206711111,106.8328139,ringan,1,0.0,0.0,27.75,435.0,1.05,9.0,6.85,3.0,0.001,0.01,0.01,0.03,4.25,585.0,19.5,0.07,3.4,0.0009,0.01,0.01,0.005,,,,,,,,
Cideng,-6.168036,106.809313,berat,3,300.0,800.0,29.05,495.0,1.75,3.0,7.33,1.5,0.001,0.14,0.01,0.035,6.25,700.0,0.5,0.03,4.56,0.0009,0.01,0.01,0.005,,,,,,,,
Jati Pulo,-6.176944444,106.8041667,berat,3,100.0,900.0,30.4,269.5,22.79,1.0,7.495,2.4,0.002,0.11,0.02,2.0,6.9,406.5,-31.0,0.04,1.11,0.0009,0.01,0.01,0.005,,,,,,,,
Ciganjur,-6.33821,106.81043,ringan,1,0.0,0.0,28.35,203.5,9.06,4.0,7.08,1.6,0.001,1.29,0.04,0.02,5.4,306.0,3.0,0.03,0.73,0.0009,0.01,0.01,0.005,,,,,,,,
Cibubur,-6.349792,106.876606,ringan,1,0.0,0.0,26.45,186.0,0.03,3.0,6.45,15.8,0.001,0.01,0.3,2.0,6.3,276.0,46.0,0.03,1.33,0.0009,0.01,0.01,0.005,,,,,,,,
Jatinegara,-6.197705556,106.9053417,sedang,2,0.0,200.0,3.14,209.0,0.01,1.0,7.175,4.3,0.001,0.02,0.02,2.0,6.05,315.0,-9.5,0.07,1.8,0.0009,0.01,0.01,0.005,,,,,,,,
Jelambar,-6.161388889,106.7813889,berat,3,0.0,700.0,29.1,531.5,1.135,5.0,7.795,1.3,0.001,0.06,0.01,0.05,4.7,853.5,-69.5,0.06,2.28,0.0009,0.01,0.01,0.005,,,,,,,,
Cililitan,-6.26027,106.87002,berat,3,300.0,1700.0,29.15,183.0,0.02,3.0,6.66,6.9,0.001,0.01,0.1,1.5,2.35,275.5,15.5,0.03,4.33,0.0009,0.01,0.01,0.005,,,,,,,,
Cijantung,-6.324722222,106.8619444,baik,0,0.0,0.0,28.7,336.0,0.195,7.0,6.675,18.6,0.001,0.02,0.01,3.0,5.45,505.5,23.5,0.03,1.55,0.0009,0.01,0.01,0.005,,,,,,,,
Jembatan Lima,-6.146914,106.80313,berat,3,82000.0,92000.0,28.7,535.0,0.17,9.0,7.235,10.5,0.001,0.03,0.05,0.055,5.2,811.0,-6.0,0.06,9.92,0.0009,0.01,0.02,0.005,,,,,,,,
Cipayung,-6.324444444,106.8994444,berat,3,0.0,7000.0,28.65,147.0,4.49,6.0,7.45,1.9,0.002,0.49,0.1,0.01,5.45,219.0,-20.0,0.09,4.68,0.0009,0.01,0.01,0.005,,,,,,,,
Kalianyar,-6.156080556,106.7992528,sedang,2,0.0,100.0,30.05,658.5,0.315,4.0,7.63,8.9,0.001,0.01,0.01,0.06,5.65,1026.0,-51.0,0.06,1.42,0.0009,0.01,0.01,0.005,,,,,,,,
Cikoko,-6.24689,106.8528,sedang,2,100.0,200.0,28.6,290.0,0.04,1.0,6.63,12.7,0.001,0.01,0.01,0.02,5.6,429.0,36.0,0.05,6.19,0.0009,0.01,0.01,0.005,,,,,,,,
Kalisari,-6.337222222,106.8558333,baik,0,0.0,0.0,26.6,141.0,0.14,1.0,6.655,11.9,0.002,0.01,0.1,1.0,6.35,211.0,25.5,0.03,1.08,0.0009,0.01,0.01,0.005,,,,,,,,
Cipete Utara,-6.262866,106.802951,berat,3,0.0,2600.0,30.05,380.0,1.5,5.0,7.17,1.1,0.001,0.01,0.1,0.04,4.95,540.0,2.0,0.03,1.13,0.0009,0.01,0.013,0.005,,,,,,,,
Cilandak Barat,-6.2827,106.7914,baik,0,0.0,0.0,27.3,220.0,0.2,3.0,7.14,10.0,0.001,0.01,0.08,2.0,6.5,328.5,-30.0,0.03,2.15,0.0009,0.01,0.04,0.005,,,,,,,,
Kampung Bali,-6.183333333,106.8169444,ringan,1,0.0,0.0,33.25,488.5,85.0,12.0,7.2,2.3,0.001,0.98,0.25,4.0,5.25,733.5,-16.5,0.06,1.13,0.0009,0.01,0.02,0.005,,,,,,,,
Cipinang,-6.208916667,106.8950194,berat,3,0.0,6500.0,28.95,470.0,2.805,5.0,7.07,3.5,0.001,0.02,2.1,4.0,2.95,701.0,-6.5,0.03,5.28,0.0009,0.01,0.033,0.005,,,,,,,,
Kapuk,-6.131342,106.746236,sedang,2,0.0,0.0,28.05,512.0,0.8,7.0,7.615,1.3,0.001,0.01,1.61,0.05,4.95,763.5,-47.5,0.03,7.62,0.0009,0.01,0.02,0.005,,,,,,,,
Karet,-6.215130291,106.8273196,ringan,1,0.0,0.0,29.55,185.0,1.45,27.0,6.405,5.0,0.001,0.01,0.01,0.01,4.75,270.0,26.35,0.07,3.34,0.0009,0.01,0.01,0.005,,,,,,,,
Kedoya Selatan,-6.179955,106.758864,ringan,1,0.0,0.0,28.3,370.5,0.145,8.0,6.68,1.3,0.001,0.03,0.88,0.03,4.95,557.5,30.0,0.25,4.15,0.0009,0.01,0.01,0.005,,,,,,,,
Cipinang Melayu,-6.2447,106.8984,sedang,2,0.0,100.0,28.6,249.0,0.15,1.0,6.715,5.0,0.001,0.01,0.06,0.02,3.55,380.5,-1.0,0.11,1.17,0.0009,0.01,0.01,0.005,,,,,,,,
Cilincing,-6.075944444,106.9385556,berat,3,3700.0,9800.0,155.65,256.0,5.78,5.0,7.135,0.54,0.004,0.25,0.42,0.02,5.6,373.5,-21.0,0.03,3.21,0.0009,0.01,0.01,0.005,,,,,,,,
Kedoya Utara,-6.17698,106.767517,berat,3,100.0,900.0,27.8,522.5,1.66,4.0,7.035,0.9,0.001,0.17,0.38,0.045,5.95,784.5,8.0,0.16,1.58,0.0009,0.01,0.01,0.005,,,,,,,,
Kelapa Dua Wetan,-6.338333333,106.8822222,berat,3,100.0,400.0,26.8,190.0,0.6,7.0,7.205,5.0,0.001,0.02,0.01,0.01,5.45,270.0,7.0,0.03,1.13,0.0009,0.01,0.01,0.005,,,,,,,,
Cipulir,-6.239322222,106.7763889,baik,0,0.0,0.0,30.7,295.0,0.23,9.0,7.59,4.7,0.002,0.01,0.01,0.02,5.15,446.5,-41.5,0.03,3.17,0.0009,0.01,0.01,0.005,,,,,,,,
Kembangan Selatan,-6.18335,106.751974,sedang,2,0.0,100.0,29.9,388.5,27.895,7.0,7.13,0.8,0.001,0.01,0.01,0.04,4.45,597.5,-18.5,0.05,16.05,0.0009,0.01,0.01,0.005,,,,,,,,
Ciracas 237,-6.32488889,106.8669444,sedang,2,0.0,100.0,30.05,55.05,2.57,18.0,6.61,0.9,0.005,0.02,0.08,0.0,3.35,84.0,29.5,0.18,12.17,0.0009,0.01,0.03,0.005,,,,,,,,
Kota Bambu Selatan,-6.185296,106.801934,ringan,1,0.0,0.0,29.1,388.0,0.37,1.0,6.765,6.0,0.001,0.03,0.03,3.0,5.55,581.0,10.5,0.05,1.24,0.0009,0.01,0.01,0.005,,,,,,,,
Dukuh,-6.292247,106.876979,sedang,2,0.0,200.0,28.6,307.5,0.18,1.0,6.645,14.5,0.001,0.04,0.01,0.03,5.7,461.5,30.5,0.05,5.28,0.0009,0.01,0.029,0.005,,,,,,,,
Kota Bambu Utara,-6.185555556,106.8072222,sedang,2,0.0,0.0,28.6,387.5,0.065,18.0,6.71,0.54,0.023,4.27,1.17,0.03,5.05,582.0,30.5,0.12,8.19,0.0009,0.01,0.01,0.005,,,,,,,,
Duren Sawit,-6.2311,106.9146,berat,3,0.0,600.0,30.9,263.0,5.675,1.0,7.77,1.4,0.001,0.36,0.16,0.02,5.65,396.0,-53.5,0.03,1.17,0.0009,0.01,0.02,0.005,,,,,,,,
Lagoa,-6.1176053,106.9085437,berat,3,0.0,3800.0,29.5,207.5,1.85,1.0,7.38,3.4,0.001,0.07,0.02,0.02,5.15,310.0,-43.5,0.07,20.03,0.0009,0.01,0.01,0.005,,,,,,,,
Duren Tiga,-6.25409,106.83676,baik,0,0.0,0.0,28.9,306.5,0.015,1.0,7.045,2.2,0.002,0.01,0.01,0.03,6.65,460.0,8.5,0.07,6.98,0.0009,0.01,0.01,0.005,,,,,,,,
Lebak Bulus,-6.304623,106.784471,berat,3,13000.0,17000.0,28.15,171.0,1.28,5.0,7.625,6.0,0.001,0.01,0.01,1.5,7.4,255.5,-32.5,0.06,1.82,0.0009,0.01,0.01,0.005,,,,,,,,
Duri Kosambi,-6.170231,106.722422,ringan,1,0.0,0.0,30.85,441.0,0.55,9.0,7.075,0.9,0.001,0.01,0.31,0.04,3.95,659.5,-15.0,0.1,2.02,0.0009,0.01,0.01,0.005,,,,,,,,
Lenteng Agung,-6.3238,106.8375,berat,3,0.0,500.0,28.6,180.0,0.08,2.0,6.235,12.5,0.001,0.01,0.05,0.02,5.5,270.5,55.5,0.06,1.52,0.0009,0.01,0.01,0.005,,,,,,,,
Duri Selatan,-6.158586957,106.8023472,sedang,2,0.0,0.0,29.2,556.5,0.05,5.0,6.77,7.6,0.001,0.01,2.37,0.06,2.7,835.0,22.0,0.06,2.34,0.0009,0.01,0.86,0.005,,,,,,,,
Makasar,-6.2805,106.8765,baik,0,0.0,0.0,28.4,145.0,0.13,1.0,6.41,7.0,0.001,0.01,0.04,0.01,4.65,218.0,16.5,0.05,1.93,0.0009,0.01,0.01,0.005,,,,,,,,
Galur,-6.175588889,106.8545806,baik,0,0.0,0.0,29.6,192.0,1.33,1.0,7.635,2.7,0.001,0.02,0.01,2.0,6.6,294.0,-45.0,0.17,9.21,0.0009,0.01,0.01,0.005,,,,,,,,
Menteng Atas,-6.222027778,106.8383056,berat,3,100.0,700.0,27.55,350.0,2.85,7.0,7.835,0.54,0.001,0.02,0.01,0.02,6.05,500.0,-33.5,0.03,2.18,0.0009,0.01,0.01,0.005,,,,,,,,
Gambir,-6.179359,106.820188,sedang,2,0.0,100.0,30.85,360.0,79.3,5.0,6.22,1.7,0.017,3.18,0.75,0.02,6.0,500.0,69.0,0.03,11.88,0.0009,0.01,0.01,0.005,,,,,,,,
Pasar Manggis,-6.209948,106.842126,ringan,1,0.0,0.0,28.05,375.0,0.065,4.0,6.98,9.2,0.001,0.01,0.01,0.025,5.35,525.0,13.5,0.05,2.21,0.0009,0.01,0.01,0.005,,,,,,,,
Gambir 231,-6.18306,106.82373,ringan,1,0.0,0.0,30.9,870.5,2.105,13.0,8.825,0.7,0.006,0.01,0.01,0.07,3.95,1328.0,-124.0,0.08,9.07,0.0009,0.02,0.01,0.005,,,,,,,,
Pasar Minggu,-6.285833333,106.8402778,baik,0,0.0,0.0,28.65,162.0,0.43,6.0,6.58,14.0,0.001,0.01,0.02,0.02,6.45,243.0,13.0,0.03,2.34,0.0009,0.01,0.01,0.005,,,,,,,,
Pekayon,-6.343055556,106.8619444,baik,0,0.0,0.0,27.6,113.95,0.08,7.0,7.325,12.45,0.001,0.01,0.01,2.0,7.7,336.5,-15.5,0.08,1.21,0.0009,0.01,0.01,0.005,,,,,,,,
Gelora,-6.210758,106.796411,berat,3,0.0,500.0,30.65,145.0,2.15,1.0,6.815,3.9,0.001,0.09,0.01,0.01,6.6,200.0,30.5,0.04,1.13,0.0009,0.01,0.01,0.005,,,,,,,,
Pinang Ranti,-6.2876,106.8813,sedang,2,0.0,400.0,28.55,154.0,2.835,4.0,7.62,1.6,0.001,0.19,0.23,0.01,4.65,239.0,-57.5,0.04,0.03,0.0009,0.01,0.01,0.005,,,,,,,,
Glodok,-6.1465,106.8132222,ringan,1,0.0,0.0,29.7,1186.5,4.74,7.0,7.14,1.5,0.001,0.02,0.06,0.145,6.1,1779.0,3.0,0.07,3.92,0.0009,0.01,0.052,0.005,,,,,,,,
Pondok Labu,-6.3064498,106.798543,baik,0,0.0,0.0,28.5,144.5,0.18,6.0,6.36,7.7,0.001,0.01,0.07,1.0,4.15,218.0,41.5,0.06,2.05,0.0009,0.01,0.01,0.005,,,,,,,,
Pulo,-6.250892,106.80993,sedang,2,0.0,200.0,29.95,290.0,4.1,10.0,7.73,1.2,0.001,0.01,0.1,0.02,5.8,405.0,-26.5,0.06,1.41,0.0009,0.01,0.01,0.005,,,,,,,,
Grogol,-6.159166667,106.7930556,sedang,2,200.0,300.0,29.35,539.5,0.73,3.0,7.31,2.4,0.001,0.04,0.04,0.05,4.25,809.0,-39.5,0.07,2.62,0.0009,0.01,0.01,0.005,,,,,,,,
Rambutan,-6.301944444,106.8719444,sedang,2,0.0,0.0,28.3,300.0,0.25,29.0,7.055,0.54,0.08,6.07,0.65,0.02,3.5,435.0,15.0,0.07,0.74,0.0009,0.01,0.02,0.005,,,,,,,,
Grogol Selatan,-6.230277778,106.7833333,berat,3,0.0,500.0,32.3,368.0,0.16,3.0,7.505,6.4,0.002,0.01,0.01,0.03,6.4,547.5,-36.5,0.03,3.92,0.0009,0.01,0.01,0.005,,,,,,,,
Duri Kepa,-6.1851,106.773,ringan,1,0.0,0.0,30.15,430.0,3.1,7.0,7.6,0.54,0.001,0.07,0.55,0.035,3.2,600.0,-27.0,0.03,2.24,0.0009,0.01,0.01,0.005,,,,,,,,
Rawa Barat,-6.238207,106.816357,ringan,1,0.0,0.0,31.1,425.0,0.8,7.0,6.55,5.2,0.001,0.01,0.01,0.03,4.5,515.0,39.0,0.04,2.76,0.0009,0.01,0.01,0.005,,,,,,,,
Rawabunga,-6.221406,106.869936,sedang,2,0.0,100.0,31.6,91.4,0.95,5.0,6.035,4.6,0.001,0.02,0.19,1.0,4.95,256.5,61.5,0.08,7.93,0.0009,0.01,0.01,0.005,,,,,,,,
Gunung,-6.237684928,106.7876162,baik,0,0.0,0.0,31.5,160.0,1.0,5.0,5.945,8.7,0.001,0.01,0.01,0.01,4.15,220.0,78.0,0.03,3.02,0.0009,0.01,0.064,0.005,,,,,,,,
Selong,-6.230511,106.812438,ringan,1,0.0,0.0,28.85,260.0,2.35,7.0,6.31,3.0,0.001,0.03,0.21,0.02,2.95,370.0,55.0,0.03,1.13,0.0009,0.01,0.01,0.005,,,,,,,,
Gunung Sahari Selatan,-6.160555556,106.8458333,sedang,2,0.0,100.0,30.05,285.0,0.11,1.0,7.38,2.8,0.003,0.01,0.01,0.03,2.45,425.5,-40.0,0.05,5.77,0.0009,0.01,0.01,0.005,,,,,,,,
Duri Utara,-6.155,106.8031389,berat,3,3500.0,9400.0,28.7,462.5,1.375,10.0,7.5,1.6,0.001,0.01,0.05,0.05,4.2,696.0,-27.0,0.05,5.68,0.0009,0.02,0.059,0.005,,,,,,,,
Senayan,-6.227783,106.812796,ringan,1,0.0,0.0,30.35,230.0,3.55,7.0,6.7,2.3,0.001,0.01,0.27,0.02,5.75,320.0,32.0,0.03,4.64,0.0009,0.01,0.01,0.005,,,,,,,,
Gunung Sahari Utara,-6.153101,106.838736,ringan,1,0.0,0.0,30.5,390.5,0.7,1.0,7.77,2.8,0.001,0.04,0.03,0.04,5.95,594.0,-53.0,0.09,9.06,0.0009,0.01,0.01,0.005,,,,,,,,
Duri Pulo,-6.165,106.8095,berat,3,600.0,4300.0,30.05,279.0,1.6,10.0,7.43,0.54,0.001,0.06,0.28,0.025,3.95,414.5,-35.5,0.11,4.69,0.0009,0.01,0.01,0.005,,,,,,,,
Setiabudi,-6.208972222,106.8239722,ringan,1,0.0,0.0,29.25,290.0,1.2,10.0,6.81,0.9,0.001,0.01,0.24,0.02,3.45,405.0,20.5,0.08,3.02,0.0009,0.01,0.01,0.005,,,,,,,,
Halim Perdana Kusuma,-6.2677,106.877,baik,0,0.0,0.0,28.15,283.0,0.315,3.0,6.865,8.6,0.001,0.04,0.01,0.025,4.85,426.5,-10.5,0.03,2.02,0.0009,0.01,0.01,0.005,,,,,,,,
Slipi,-6.193611111,106.8016667,ringan,1,0.0,0.0,29.25,328.5,2.96,4.0,6.665,1.0,0.002,0.93,0.33,0.03,5.35,494.0,30.0,0.05,6.6,0.0009,0.01,0.01,0.005,,,,,,,,
Harapan Mulia,-6.168055556,106.8575,sedang,2,0.0,200.0,29.25,674.5,0.205,1.0,7.105,1.4,0.001,0.05,0.01,300.03,7.2,1002.5,-2.0,0.03,6.12,0.0009,0.01,0.01,0.005,,,,,,,,
Sukabumi Selatan,-6.21776,106.7697,sedang,2,0.0,200.0,30.05,136.9,1.975,7.0,6.425,9.4,0.001,0.01,0.01,0.01,7.05,206.35,-21.5,0.39,2.5,0.0009,0.01,0.01,0.005,,,,,,,,
Jagakarsa,-6.3285,106.8223,ringan,1,0.0,0.0,27.95,59.4,0.475,2.0,5.875,12.3,0.001,0.03,0.21,0.01,6.05,177.0,77.0,0.03,1.07,0.0009,0.01,0.01,0.005,,,,,,,,
Susukan,-6.312777778,106.8747222,berat,3,100.0,600.0,29.05,220.0,0.3,6.0,6.98,6.7,0.001,0.01,0.01,0.01,4.85,260.0,19.0,0.07,0.58,0.0009,0.01,0.01,0.005,,,,,,,,
Jati,-6.199202778,106.9004889,sedang,2,0.0,0.0,30.65,525.0,16.95,4.0,6.77,1.9,0.003,0.53,2.14,0.04,3.4,755.0,70.5,0.04,1.99,0.0009,0.01,0.02,0.005,,,,,,,,
Tanjung Barat,-6.30957,106.8505,baik,0,0.0,0.0,29.1,144.0,0.22,3.0,6.475,9.6,0.001,0.01,0.01,0.01,6.25,216.0,42.0,0.04,1.11,0.0009,0.01,0.01,0.005,,,,,,,,
Jati Negara Kaum,-6.209166667,106.8979222,ringan,1,0.0,0.0,28.9,435.0,1.2,3.0,6.815,3.6,0.001,0.01,0.06,0.035,3.95,645.0,49.5,0.09,1.33,0.0009,0.01,0.011,0.005,,,,,,,,
Tebet Timur,-6.228888889,106.8580556,baik,0,0.0,0.0,28.4,273.0,0.185,5.0,6.565,1.3,0.001,0.01,0.01,0.02,4.15,408.0,35.5,0.08,1.32,0.0009,0.01,0.01,0.005,,,,,,,,
Tengah,-6.2901,106.8644,sedang,2,0.0,100.0,28.85,412.5,0.465,7.0,6.595,1.6,0.001,0.02,0.07,0.045,5.25,619.0,34.5,0.03,3.79,0.0009,0.01,0.01,0.005,,,,,,,,
Tomang,-6.171666667,106.8,ringan,1,0.0,0.0,28.25,476.0,1.51,4.0,7.04,1.15,0.014,1.08,0.65,0.045,1.95,688.5,-17.5,0.08,7.99,0.0009,0.01,0.01,0.005,,,,,,,,
Jembatan Besi,-6.152794444,106.7978333,berat,3,0.0,800.0,30.9,505.0,1.195,13.0,7.505,2.1,0.001,0.01,0.11,0.05,5.55,738.0,-43.5,0.03,4.31,0.0009,0.01,0.016,0.005,,,,,,,,
Utan Kayu Utara,-6.198331,106.865,ringan,1,0.0,0.0,29.15,385.0,1.2,1.0,7.21,5.7,0.001,0.01,0.01,0.04,4.0,690.0,6.0,0.05,1.58,0.0009,0.01,0.01,0.005,,,,,,,,
Kuningan Barat,-6.236694444,106.8208333,ringan,1,0.0,0.0,28.9,409.5,4.205,4.0,7.32,0.6,0.001,0.13,1.06,0.03,4.65,616.0,-7.0,0.07,2.11,0.0009,0.01,0.01,0.005,,,,,,,,
Joglo 235,-6.22225806,106.7431017,ringan,1,0.0,0.0,29.95,271.5,3.54,62.0,6.42,0.9,0.003,0.01,0.41,0.02,3.3,406.5,50.5,0.14,6.33,0.0009,0.01,0.01,0.005,,,,,,,,
Grogol Utara,-6.2109,106.7891,ringan,1,0.0,0.0,29.85,321.5,2.26,17.0,7.335,0.6,0.001,0.24,0.31,0.03,7.9,445.5,-51.5,0.03,1.39,0.0009,0.01,0.01,0.005,,,,,,,,
Mampang Prapatan,-6.245027778,106.8288056,sedang,2,0.0,200.0,27.75,224.5,3.705,4.0,6.5,9.8,0.001,0.01,0.01,0.02,6.25,337.0,41.5,0.04,1.92,0.0009,0.01,0.01,0.005,,,,,,,,
Johar Baru,-6.183416667,106.856611,berat,3,0.0,1800.0,28.85,313.0,0.23,1.0,6.78,6.6,0.001,0.01,0.59,3.0,1.8,470.0,12.0,0.03,2.14,0.0009,0.01,0.01,0.005,,,,,,,,
Pondok Kopi,-6.229173,106.94464,ringan,1,0.0,0.0,29.65,240.0,1.35,5.0,7.15,1.5,0.001,0.31,0.59,0.015,3.1,350.0,46.5,0.05,1.11,0.0009,0.01,0.01,0.005,,,,,,,,
Sukabumi Utara,-6.2101,106.7777,sedang,2,0.0,100.0,28.55,234.5,0.445,6.0,7.105,2.0,0.001,0.02,0.01,0.02,7.1,346.0,-21.5,0.08,1.83,0.0009,0.01,0.01,0.005,,,,,,,,
Kalibata,-6.2603,106.8471,sedang,2,0.0,100.0,28.1,261.5,21.18,1.0,7.015,0.54,0.015,1.02,0.72,0.02,4.3,395.0,12.5,0.05,5.96,0.0009,0.01,0.01,0.005,,,,,,,,
Kalideres,-6.143781,106.692015,berat,3,0.0,6000.0,32.45,645.0,7.8,3.0,6.835,1.6,0.003,0.39,0.9,0.04,3.55,890.0,24.0,0.03,4.58,0.0009,0.01,0.2,0.005,,,,,,,,
Kamal,-6.104478,106.706256,berat,3,300.0,800.0,28.95,205.0,0.25,12.0,7.87,1.9,0.001,0.01,0.01,0.155,5.6,285.0,-32.5,0.08,4.28,0.0009,0.01,0.01,0.005,,,,,,,,
Kamal Muara,-6.09798,106.714268,berat,3,0.0,1500.0,29.5,4810.0,10.81,7.0,6.7,0.54,0.001,0.43,6.39,0.4,3.1,7400.0,6.0,0.08,41.36,0.0009,0.01,0.82,0.005,,,,,,,,
Kelapa Dua,-6.2143,106.7693,sedang,2,0.0,100.0,28.1,550.0,2.35,9.0,6.685,4.1,0.001,0.02,0.01,0.04,4.95,770.0,39.0,0.03,3.62,0.0009,0.02,0.01,0.005,,,,,,,,
Kampung Melayu,-6.214519,106.859745,berat,3,0.0,500.0,30.0,258.5,0.2,1.0,6.59,8.8,0.001,0.02,0.07,2.0,4.8,387.0,26.0,0.11,1.77,0.0009,0.01,0.01,0.005,,,,,,,,
Kramatjati,-6.277232,106.871962,ringan,1,0.0,0.0,29.8,409.5,0.56,4.0,6.535,9.1,0.001,0.04,0.16,0.035,5.4,615.5,39.5,0.03,2.62,0.0009,0.01,0.01,0.005,,,,,,,,
Kampung Rawa,-6.180313889,106.8587278,berat,3,0.0,1400.0,28.85,329.5,0.225,1.0,6.955,12.2,0.001,0.01,0.01,3.0,5.65,495.5,3.5,0.03,3.19,0.0009,0.01,0.01,0.005,,,,,,,,
Paseban,-6.191527778,106.8540278,berat,3,0.0,400.0,29.3,246.0,0.325,1.0,7.145,8.6,0.02,0.01,0.01,2.0,5.9,368.5,-8.5,0.13,1.75,0.0009,0.01,0.01,0.005,,,,,,,,
Karang Anyar Utara,-6.155555556,106.8286111,ringan,1,0.0,0.0,28.45,995.0,0.65,1.0,7.755,1.5,0.001,0.01,0.08,0.07,3.95,1390.0,-23.0,0.03,5.42,0.0009,0.01,0.01,0.005,,,,,,,,
Jati Padang,-6.285555556,106.8347222,baik,0,0.0,0.0,26.7,340.0,0.27,3.0,7.095,4.7,0.001,0.01,0.01,0.03,6.5,509.0,8.5,0.06,1.6,0.0009,0.01,0.01,0.005,,,,,,,,
Karet Tengsin,-6.211969,106.815474,berat,3,600.0,3000.0,30.05,295.0,2.3,1.0,6.95,12.5,0.001,0.09,0.01,0.02,5.8,410.0,21.5,0.05,1.13,0.0009,0.01,0.01,0.005,,,,,,,,
Kartini,-6.153055556,106.8316667,ringan,1,0.0,0.0,29.55,890.0,1.6,6.0,7.63,2.0,0.001,0.12,0.07,0.06,4.0,1285.0,-20.0,0.06,7.17,0.0009,0.01,0.22,0.005,,,,,,,,
Kayu Manis,-6.20694,106.863527,berat,3,7900.0,8900.0,28.45,375.0,1.0,1.0,7.38,4.0,0.001,0.01,0.14,0.035,4.75,530.0,25.5,0.03,2.31,0.0009,0.01,0.026,0.005,,,,,,,,
Pela Mampang,-6.252777778,106.8113333,sedang,2,0.0,400.0,27.7,246.0,4.16,4.0,7.32,0.6,0.001,0.02,0.01,0.02,6.4,372.0,-8.5,0.05,1.35,0.0009,0.01,0.01,0.005,,,,,,,,
Kayu Putih,-6.185919,106.887413,berat,3,0.0,800.0,16.005,182.77,0.675,4.0,7.89,1.7,0.001,0.12,0.06,-70.5,7.3,533.5,3.0,0.1,2.62,0.0009,0.01,0.01,0.005,,,,,,,,
Jelambar Baru,-6.142696,106.788173,sedang,2,0.0,100.0,30.5,725.0,0.9,10.0,7.825,1.3,0.001,0.05,0.09,0.045,3.9,975.0,-30.0,0.08,9.53,0.0009,0.01,0.029,0.005,,,,,,,,
Petojo Utara,-6.162406,106.817487,ringan,1,0.0,0.0,29.95,351.0,0.96,10.0,7.115,1.7,0.002,0.27,0.02,3.0,5.6,528.0,-8.5,0.04,4.33,0.0009,0.01,0.01,0.005,,,,,,,,
Keagungan,-6.150888889,106.8150556,ringan,1,0.0,0.0,29.3,161.5,0.4,16.0,7.01,2.8,0.001,0.03,0.07,0.02,4.3,242.5,10.0,0.03,3.29,0.0009,0.01,0.3,0.005,,,,,,,,
Srengseng Sawah,-6.3455,106.83094,berat,3,100.0,600.0,27.55,168.5,0.285,7.0,6.7,3.0,0.001,0.01,0.01,0.02,6.4,254.0,24.0,0.03,1.42,0.0009,0.01,0.01,0.005,,,,,,,,
Kebagusan,-6.319722222,106.8255556,baik,0,0.0,0.0,28.55,133.5,0.45,8.0,6.13,8.0,0.001,0.01,0.05,0.01,6.05,199.0,39.5,0.03,2.66,0.0009,0.01,0.01,0.005,,,,,,,,
Tanjung Duren Selatan,-6.181111111,106.7875,ringan,1,0.0,0.0,29.85,432.5,0.345,3.0,7.26,3.2,0.001,0.01,0.01,0.04,4.2,641.5,-30.5,0.08,1.83,0.0009,0.01,0.01,0.005,,,,,,,,
Kebayoran Lama Selatan,-6.248055556,106.7827778,sedang,2,0.0,300.0,29.3,253.0,0.345,2.0,6.82,17.6,0.001,0.01,0.14,0.02,4.4,385.0,2.5,0.03,3.45,0.0009,0.01,0.79,0.005,,,,,,,,
Joglo,-6.220284,106.735469,berat,3,600.0,4500.0,28.3,359.0,0.595,4.0,6.915,0.54,0.001,0.14,0.5,3.0,4.35,297.0,1.0,0.03,1.24,0.0009,0.01,0.01,0.005,,,,,,,,
Kebayoran Lama Utara,-6.241388889,106.7808333,baik,0,0.0,0.0,30.05,167.5,0.22,6.0,6.715,6.5,0.001,0.01,0.01,0.01,4.05,245.5,12.5,0.03,1.35,0.0009,0.01,0.01,0.005,,,,,,,,
Kebon Baru,-6.232291667,106.8593472,baik,0,0.0,0.0,28.15,182.0,0.085,6.0,7.125,2.7,0.001,0.01,0.01,0.02,5.35,285.5,7.5,0.08,5.66,0.0009,0.01,0.01,0.005,,,,,,,,
Kebon Manggis,-6.205609,106.855774,ringan,1,0.0,0.0,29.85,365.0,0.7,1.0,7.44,11.4,0.001,0.23,0.01,0.03,4.8,495.0,26.5,0.05,1.71,0.0009,0.01,0.01,0.005,,,,,,,,
Kebon Kacang,-6.191175,106.81455,sedang,2,0.0,100.0,29.0,310.0,2.05,1.0,7.385,11.2,0.001,0.09,0.71,0.03,5.65,445.0,-2.5,0.12,2.11,0.0009,0.01,0.16,0.005,,,,,,,,
Kali Baru,-6.099442,106.933804,sedang,2,0.0,300.0,29.2,544.0,0.91,19.0,7.66,1.1,0.001,0.18,1.45,0.05,5.0,823.0,-55.0,0.23,7.16,0.0009,0.01,0.075,0.005,,,,,,,,
Kembangan Utara,-6.179174,106.735213,ringan,1,0.0,0.0,30.9,428.5,0.46,8.0,7.065,0.54,0.014,1.62,1.04,0.04,5.8,637.0,-14.5,0.06,3.92,0.0009,0.01,0.01,0.005,,,,,,,,
Kebon Kelapa,-6.16444,106.825046,berat,3,0.0,6600.0,30.15,350.0,2.0,2.0,7.1,1.6,0.003,0.02,0.06,0.045,4.3,485.0,12.5,0.05,3.03,0.0009,0.01,0.01,0.005,,,,,,,,
Keramat Pela,-6.244954,106.790696,baik,0,0.0,0.0,28.75,160.0,2.45,3.0,6.305,5.2,0.001,0.01,0.01,0.01,3.95,225.0,54.0,0.03,1.13,0.0009,0.01,0.01,0.005,,,,,,,,
Kebon Kosong,-6.1534,106.8581,berat,3,0.0,500.0,29.9,2315.0,0.205,2.0,7.53,1.7,0.001,0.03,0.05,0.49,6.3,3470.0,-26.5,0.07,10.39,0.0009,0.01,0.01,0.005,,,,,,,,
Melawai,-6.248401,106.802787,sedang,2,0.0,100.0,29.25,205.0,1.85,5.0,6.45,10.1,0.001,0.04,0.01,0.01,5.75,295.0,46.5,0.03,2.32,0.0009,0.01,0.01,0.005,,,,,,,,
Pengadegan,-6.2509,106.8612,sedang,2,100.0,100.0,29.65,227.5,0.195,2.0,6.6,9.7,0.001,0.01,0.01,0.02,4.6,342.5,39.0,0.06,3.8,0.0009,0.01,0.01,0.005,,,,,,,,
Kebon Melati,-6.191241833,106.8127378,sedang,2,0.0,0.0,29.55,605.0,1.5,1.0,7.29,2.6,0.001,0.1,2.19,0.035,6.6,870.0,2.0,0.04,1.13,0.0009,0.01,0.01,0.005,,,,,,,,
Rawa Sari,-6.1902,106.8708694,berat,3,0.0,1900.0,32.9,519.0,0.1,1.0,7.38,2.0,0.001,0.05,0.06,4.0,5.5,772.5,-26.5,0.03,5.74,0.0009,0.01,0.05,0.005,,,,,,,,
Kebon Pala,-6.2577,106.8792,ringan,1,0.0,0.0,29.6,328.0,4.015,1.0,7.73,1.5,0.001,0.18,0.26,0.03,4.65,490.0,-52.5,0.06,1.11,0.0009,0.01,0.041,0.005,,,,,,,,
Tegal Alur,-6.1184,106.7197,sedang,2,0.0,200.0,28.85,965.5,0.225,14.0,7.6,0.54,0.001,0.05,0.14,0.09,6.75,1445.5,-51.5,0.03,7.79,0.0009,0.01,0.01,0.005,,,,,,,,
Kebon Sirih,-6.185978,106.828091,berat,3,4300.0,6400.0,32.55,427.0,1.71,1.0,7.25,2.3,0.004,2.22,2.76,3.5,2.25,645.5,-19.5,0.11,1.13,0.0009,0.01,0.63,0.005,,,,,,,,
Lubang Buaya,-6.289166667,106.9038889,baik,0,0.0,0.0,29.75,154.0,0.155,5.0,7.495,3.0,0.001,0.01,0.01,0.01,5.0,231.0,-22.5,0.07,2.65,0.0009,0.01,0.01,0.005,,,,,,,,
Kemayoran,-6.167777778,106.8436111,sedang,2,0.0,0.0,30.4,359.5,35.74,1.0,6.885,12.3,0.001,1.83,2.34,0.035,3.4,552.0,-16.5,0.03,4.97,0.0009,0.01,0.014,0.005,,,,,,,,
Pejaten Timur,-6.294364,106.845185,baik,0,0.0,1.01,29.65,149.0,0.025,1.01,6.63,12.4,0.001,0.01,0.01,0.015,6.0,120.75,28.5,1.01,1.01,1.01,1.01,0.01,0.005,,,,,,,,
Sunter Jaya,-6.154578,106.85944,ringan,1,0.0,0.0,30.0,663.5,0.28,6.0,7.7,0.54,0.001,0.01,0.01,0.06,4.2,993.5,-30.0,0.08,2.37,0.0009,0.01,0.01,0.005,,,,,,,,
Kenari,-6.190638889,106.8464694,ringan,1,0.0,0.0,28.85,211.5,0.365,2.0,7.025,3.1,0.009,0.01,0.01,0.02,4.85,320.0,-17.0,0.03,6.85,0.0009,0.01,0.01,0.005,,,,,,,,
Karet Kuningan,-6.218852778,106.8248611,baik,0,0.0,0.0,28.35,345.0,1.25,6.0,6.455,9.5,0.001,0.02,0.01,0.02,5.15,440.0,44.5,0.08,2.37,0.0009,0.01,0.01,0.005,,,,,,,,
Rorotan,-6.148972222,106.9583056,berat,3,1300.0,5600.0,28.65,969.0,2.34,9.0,7.17,1.0,0.001,0.28,0.44,0.09,6.15,1468.5,-25.0,0.03,6.22,0.0009,0.01,0.02,0.005,,,,,,,,
Klender,-6.2169,106.9081,ringan,1,0.0,0.0,29.15,435.0,2.15,1.0,6.96,1.4,0.001,0.15,0.63,0.04,2.75,610.0,65.0,0.05,1.14,0.0009,0.01,0.01,0.005,,,,,,,,
Kapuk Muara,-6.130619,106.759972,sedang,2,0.0,0.0,28.45,1075.0,6.2,12.0,7.92,0.54,0.002,0.93,2.76,0.08,2.9,1505.0,-35.5,0.03,8.86,0.0013,0.01,0.67,0.005,,,,,,,,
Sumur Batu,-6.1622,106.8737,ringan,1,0.0,0.0,28.2,555.5,0.595,1.0,6.72,1.4,0.018,0.06,0.2,0.05,4.55,832.0,21.5,0.03,2.36,0.0009,0.01,0.01,0.005,,,,,,,,
Koja,-6.13,106.875,berat,3,0.0,2700.0,30.6,566.5,2.1,7.0,7.825,0.54,0.001,0.19,1.1,5.0,3.15,855.5,-44.5,0.08,6.03,0.0009,0.01,0.03,0.005,,,,,,,,
Pegangsaan,-6.204166667,106.9502778,sedang,2,0.0,300.0,28.8,323.5,0.17,1.0,6.6,21.6,0.001,0.01,0.01,3.0,4.55,483.5,23.0,0.03,1.13,0.0014,0.01,0.01,0.005,,,,,,,,
Krendang,-6.151816667,106.8010611,berat,3,2600.0,7800.0,24.2,358.52,8.045,15.0,7.55,0.6,0.004,1.1,0.44,0.07,4.9,1062.5,-29.5,0.05,11.63,0.0009,0.01,0.07,0.005,,,,,,,,
Karet Semanggi,-6.225747,106.821192,ringan,1,0.0,0.0,28.65,435.0,1.9,9.0,6.885,12.7,0.001,0.01,0.03,0.04,4.9,620.0,19.0,0.03,1.98,0.0009,0.01,0.53,0.005,,,,,,,,
Penggilingan,-6.202666667,106.9309167,ringan,1,0.0,0.0,30.65,431.5,0.05,6.0,8.305,1.2,0.001,0.1,0.01,4.0,4.2,647.0,-81.0,0.07,2.18,0.0009,0.01,0.01,0.005,,,,,,,,
Krukut,-6.15573,106.81614,sedang,2,0.0,300.0,31.45,524.0,1.605,12.0,7.64,1.8,0.001,0.04,0.03,0.05,4.2,788.0,-49.0,0.08,3.61,0.0009,0.01,0.08,0.005,,,,,,,,
Pondok Rangon,-6.347842,106.914327,sedang,2,0.0,400.0,27.5,160.0,0.0,6.0,7.055,0.54,0.001,0.01,0.01,0.01,4.0,220.0,12.0,0.03,0.3,0.0009,0.03,0.01,0.005,,,,,,,,
Rawamangun,-6.198922,106.880913,baik,0,0.0,0.0,28.8,211.5,0.015,1.0,6.725,4.9,0.001,0.01,0.03,2.0,4.35,317.5,1.5,0.08,3.22,0.0009,0.01,0.01,0.005,,,,,,,,
Kuningan Timur,-6.227301,106.830146,sedang,2,0.0,200.0,28.95,210.0,2.7,7.0,6.185,2.6,0.001,0.01,0.09,0.01,2.6,310.0,66.5,0.05,1.13,0.0009,0.01,0.01,0.005,,,,,,,,
Tebet Barat,-6.233055556,106.8483333,ringan,1,0.0,0.0,28.55,373.5,4.33,4.0,7.12,1.5,0.001,0.01,0.01,0.03,5.65,557.0,3.5,0.06,1.76,0.0009,0.01,0.01,0.005,,,,,,,,
Kwitang,-6.186686111,106.8409639,ringan,1,0.0,0.0,29.5,388.5,23.405,2.0,6.995,1.7,0.002,1.7,0.94,0.04,4.35,583.0,-19.0,0.03,4.78,0.0009,0.01,0.01,0.005,,,,,,,,
Sunter Agung,-6.137461,106.859387,baik,0,0.0,0.0,29.85,193.5,1.21,4.0,7.74,1.3,0.001,0.02,0.01,2.0,6.65,291.0,-37.5,0.03,5.45,0.0009,0.01,0.01,0.005,,,,,,,,
Ulujami,-6.245221,106.76234,0.0050,0,100.0,1000.0,30.15,167.5,0.055,6.0,7.505,3.7,0.002,0.01,0.01,0.01,4.75,244.5,-38.0,0.03,2.7,0.0009,0.0024,0.01,0.0014,,,,,,,,
Malaka Jaya,-6.222277778,106.9325833,baik,0,0.0,0.0,30.1,240.5,1.095,4.0,6.72,4.5,0.001,0.01,0.05,2.0,4.65,360.0,16.0,0.04,1.83,0.0009,0.01,0.01,0.005,,,,,,,,
Manggarai,-6.217736111,106.8515472,sedang,2,0.0,200.0,29.3,210.0,0.12,1.0,6.325,7.1,0.001,0.01,0.01,0.02,4.55,317.5,47.0,0.04,2.02,0.0009,0.01,0.01,0.005,,,,,,,,
Malaka Sari,-6.2276,106.9279,ringan,1,0.0,0.0,28.8,310.0,1.15,4.0,7.585,8.2,0.001,0.01,0.12,0.03,4.25,420.0,22.0,0.08,0.66,0.0009,0.01,0.01,0.005,,,,,,,,
Kebon Bawang,-6.11472222,106.8865833,berat,3,1600.0,9700.0,29.45,1203.0,8.66,18.0,7.605,0.54,0.001,0.5,1.09,13.0,3.25,1793.0,-29.0,0.1,7.08,0.0024,0.01,0.94,0.005,,,,,,,,
Munjul,-6.348333333,106.8938889,berat,3,400.0,800.0,27.55,110.0,0.25,7.0,6.835,5.0,0.001,0.01,0.01,0.0,5.35,150.0,29.5,0.04,0.55,0.0009,0.01,0.01,0.005,,,,,,,,
Mangga Besar,-6.14753,106.8193,berat,3,0.0,32000.0,30.65,3125.0,25.82,9.0,7.515,0.54,0.01,0.79,0.22,0.25,5.7,476.5,-41.0,0.03,9.34,0.0009,0.01,0.03,0.005,,,,,,,,
Kebon Jeruk,-6.17995,106.7588,ringan,1,0.0,0.0,30.35,355.0,6.5,8.0,6.885,0.54,0.003,1.38,0.69,0.02,4.1,510.0,24.0,0.03,1.49,0.0009,0.01,0.01,0.005,,,,,,,,
Mangga Dua Selatan,-6.1378,106.8272389,berat,3,0.0,1500.0,29.35,240.0,5.335,1.0,7.305,2.5,0.001,0.37,0.02,0.02,4.7,360.5,-35.0,0.09,4.61,0.0009,0.01,0.01,0.005,,,,,,,,
Manggarai Selatan,-6.217766667,106.8472694,sedang,2,0.0,100.0,29.4,399.5,0.535,1.0,6.435,4.0,0.002,0.02,0.01,0.03,3.4,596.5,47.0,0.1,2.76,0.0009,0.01,0.028,0.005,,,,,,,,
Kedaung Kali Angke,-6.15552,106.760865,ringan,1,0.0,0.0,29.95,291.0,15.125,12.0,6.645,0.6,0.014,0.82,0.56,0.03,3.65,419.0,10.5,0.12,4.14,0.0009,0.01,0.01,0.005,,,,,,,,
Menteng,-6.203611111,106.8444444,berat,3,200.0,700.0,28.9,307.0,0.09,1.0,7.485,1.4,0.004,0.07,0.11,2.5,5.85,458.5,-20.5,0.07,1.13,0.0009,0.01,0.01,0.005,,,,,,,,
Pancoran,-6.2488,106.8409,baik,0,0.0,0.0,28.35,200.5,0.03,2.0,6.455,8.4,0.001,0.01,0.01,0.02,5.4,299.0,46.0,0.05,4.15,0.0009,0.01,0.01,0.005,,,,,,,,
Menteng Dalam,-6.234819444,106.8365556,berat,3,0.0,2200.0,29.35,420.0,18.7,14.0,7.47,1.1,0.001,0.04,0.2,0.03,3.3,585.0,-11.5,0.03,4.86,0.0009,0.01,0.01,0.005,,,,,,,,
Setu,-6.309166667,106.9147222,sedang,2,0.0,400.0,29.1,167.0,0.26,2.0,6.37,14.4,0.001,0.13,0.02,0.02,5.3,254.5,44.5,0.07,3.47,0.0009,0.01,0.01,0.005,,,,,,,,
Papanggo,-6.129192,106.87506,berat,3,100.0,1900.0,32.7,1133.0,4.88,16.0,7.61,0.54,0.002,0.53,0.38,10.0,3.3,1723.0,-32.0,0.08,13.35,0.0009,0.01,0.02,0.005,,,,,,,,
Pasar Baru,-6.16,106.8313889,ringan,1,0.0,0.0,28.45,480.0,0.55,1.0,7.525,1.5,0.001,0.03,0.84,0.04,3.55,675.0,-10.5,0.05,3.79,0.0009,0.01,0.026,0.005,,,,,,,,
Pejagalan,-6.105556,106.768053,sedang,2,0.0,0.0,30.35,385.0,36.3,17.0,7.22,0.7,0.007,1.38,1.71,0.25,2.55,540.0,2.5,0.11,23.83,0.0035,0.01,0.092,0.005,,,,,,,,
Kelapa Gading Barat,-6.16301,106.8846,berat,3,0.0,4200.0,28.6,1038.5,0.955,6.0,7.825,0.54,0.001,0.01,0.06,0.09,7.35,1561.0,-35.0,0.03,1.8,0.0009,0.01,0.01,0.005,,,,,,,,
Pejaten Barat,-6.269722222,106.8375,berat,3,100.0,500.0,29.45,226.5,0.835,9.0,6.855,6.4,0.001,0.01,0.01,0.02,6.45,341.0,-3.0,0.03,2.24,0.0009,0.02,0.01,0.005,,,,,,,,
Kelapa Gading Timur,-6.1666,106.90227,ringan,1,0.0,0.0,29.2,694.0,0.235,10.0,7.88,0.54,0.001,0.07,0.01,0.06,4.75,1043.5,-35.5,0.07,9.04,0.0009,0.01,0.01,0.005,,,,,,,,
Pelmerah,-6.207228,106.86142,berat,3,0.0,4200.0,29.05,385.0,0.25,1.0,7.19,14.6,0.001,0.06,0.01,0.02,4.15,570.0,32.6,0.05,1.77,0.0009,0.01,0.018,0.005,,,,,,,,
Kemanggisan,-6.19235,106.786703,berat,3,2800.0,4600.0,29.45,295.5,0.015,1.0,7.355,1.0,0.001,0.01,0.01,3.0,6.45,439.5,-26.0,0.06,1.02,0.0009,0.01,0.01,0.005,,,,,,,,
Pesanggrahan,-6.257242,106.757258,ringan,1,0.0,0.0,29.2,166.1,0.71,9.0,7.595,1.2,0.001,0.01,0.12,-48.0,5.9,480.5,0.03,0.08,2.4,0.0009,0.01,0.01,0.005,,,,,,,,
Petukangan Selatan,-6.249578,106.752794,sedang,2,0.0,200.0,29.95,280.0,8.385,9.0,7.13,1.3,0.004,0.45,1.34,0.02,2.75,425.5,-16.0,0.03,4.42,0.0009,0.01,0.01,0.005,,,,,,,,
Penjaringan,-6.133093,106.796512,berat,3,270000.0,690000.0,29.65,680.0,4.8,22.0,7.91,0.54,0.01,0.87,1.43,0.052,3.9,1005.0,-38.0,0.34,16.21,0.001,0.01,0.22,0.005,,,,,,,,
Rawajati,-6.26034,106.85268,baik,0,0.0,0.0,27.35,250.0,0.18,2.0,6.665,1.2,0.001,0.01,0.01,0.02,5.55,377.0,33.5,0.08,4.37,0.0009,0.02,0.01,0.005,,,,,,,,
Wijaya Kusuma,-6.153611111,106.7725,berat,3,0.0,900.0,28.95,770.0,0.405,4.0,7.22,1.1,0.001,0.01,0.01,0.07,3.3,1139.0,-31.0,0.05,5.02,0.0009,0.01,0.01,0.005,,,,,,,,
Petamburan,-6.194727833,106.807456,berat,3,2100.0,7300.0,31.7,485.0,2.6,5.0,7.63,6.5,0.006,0.08,0.03,0.03,5.65,665.0,-16.5,0.03,8.34,0.0009,0.01,0.028,0.005,,,,,,,,
Petogogan 234,-6.248547,106.80718,sedang,2,0.0,0.0,30.65,225.0,12.99,2.0,7.085,0.6,0.012,3.11,0.27,0.02,4.9,333.0,-12.5,0.1,7.03,0.0009,0.01,0.19,0.005,,,,,,,,
Petojo Selatan,-6.180324,106.816111,baik,0,0.0,0.0,30.3,196.5,0.2,4.0,7.62,4.0,0.001,0.02,0.01,2.0,7.65,292.5,-41.5,0.05,1.13,0.0009,0.01,0.012,0.005,,,,,,,,
Petukangan Utara,-6.22711,106.75322,berat,3,0.0,2300.0,29.5,287.0,0.515,5.0,7.665,2.0,0.001,0.01,0.01,-53.0,6.45,457.5,0.03,0.03,2.47,0.0009,0.01,0.02,0.005,,,,,,,,
Kramat,-6.187830556,106.8473972,sedang,2,0.0,0.0,30.95,248.0,5.695,9.0,7.02,1.4,0.001,0.12,2.52,0.02,4.0,376.0,-11.0,0.05,5.96,0.0009,0.01,0.04,0.005,,,,,,,,
Pinangsia,-6.138043,106.8188,sedang,2,0.0,200.0,29.35,654.5,0.385,6.0,7.08,1.7,0.002,0.08,2.35,0.06,4.85,971.5,3.5,0.09,4.43,0.0009,0.01,0.04,0.005,,,,,,,,
Semper Barat,-6.134694444,106.9252778,berat,3,1700.0,6600.0,29.4,584.0,4.56,5.0,7.165,0.54,0.004,0.08,0.32,0.055,5.25,883.0,-25.0,0.07,4.0,0.0009,0.01,0.01,0.005,,,,,,,,
Pisangan Baru,-6.209167,106.871194,ringan,1,0.0,0.0,27.6,470.0,0.8,5.0,7.28,4.7,0.001,0.2,0.59,0.03,3.15,650.0,15.0,0.05,1.83,0.0009,0.01,0.04,0.005,,,,,,,,
Pisangan Timur,-6.208389,106.877065,sedang,2,0.0,100.0,28.85,315.0,1.1,6.0,7.505,7.0,0.001,0.01,0.3,0.02,3.6,405.0,43.0,0.07,1.8,0.0009,0.01,0.01,0.005,,,,,,,,
Pondok Bambu,-6.2354,106.8954,berat,3,0.0,3700.0,28.9,256.5,2.55,3.0,6.15,3.1,0.001,0.12,0.93,0.02,3.0,382.5,36.0,0.07,2.12,0.0009,0.01,0.01,0.005,,,,,,,,
Semanan,-6.1599,106.7054,ringan,1,0.0,0.0,29.1,620.0,6.395,9.0,6.79,0.54,0.001,0.15,0.22,0.06,6.75,935.5,-2.5,0.03,1.86,0.0009,0.01,0.01,0.005,,,,,,,,
Pondok Kelapa,-6.2391,106.9346,baik,0,0.0,0.0,29.05,275.0,1.1,5.0,6.985,6.8,0.001,0.01,0.01,0.015,2.95,400.0,68.0,0.03,1.23,0.0009,0.01,0.01,0.005,,,,,,,,
Pondok Pinang,-6.269722222,106.7761111,sedang,2,0.0,100.0,29.6,270.5,0.13,6.0,7.25,1.8,0.001,0.01,0.08,0.02,5.85,407.5,-21.0,0.03,2.1,0.0009,0.01,0.01,0.005,,,,,,,,
Pulau Kelapa,-5.653154127,106.571582,berat,3,100.0,3000.0,29.75,4575.0,1.9,9.0,6.625,3.0,0.002,0.06,0.07,0.365,2.2,687.5,44.5,0.12,24.1,0.0009,0.01,0.07,0.005,,,,,,,,
Pulau Panggang,-5.74045911,106.6028813,berat,3,0.0,900.0,31.7,1330.0,0.53,7.0,6.94,2.0,0.001,0.01,0.01,0.1,1.95,2000.0,16.0,0.05,12.96,0.0009,0.01,0.073,0.005,,,,,,,,
Pulo Gadung,-6.185911111,106.8936917,ringan,1,0.0,0.0,27.75,326.0,3.315,14.0,7.53,2.3,0.002,0.47,0.01,3.0,6.75,489.5,-33.5,0.08,2.88,0.0009,0.01,0.01,0.005,,,,,,,,
Pulau Pramuka,-5.747409919,106.613081,Baik,0,100.0,900.0,30.9,855.0,5.2,5.0,7.5,12.2,0.002,0.01,0.01,30.5,7.12,1297.5,27.0,0.06,10.83,0.0009,0.01,0.23,0.005,,,,,,,,
Pulau Untung Jawa,-5.9787208,106.7085404,berat,3,0.0,5800.0,30.45,3260.0,0.63,6.0,6.62,2.4,0.003,0.01,0.01,0.26,2.1,4820.0,37.0,0.07,23.31,0.0009,0.01,0.55,0.005,,,,,,,,
Pulogebang,-6.215944444,106.9545278,sedang,2,0.0,300.0,29.25,225.5,0.01,3.0,6.655,9.5,0.001,0.01,0.01,2.0,4.35,343.0,23.0,0.09,1.96,0.0009,0.01,0.01,0.005,,,,,,,,
Ragunan,-6.305,106.8194444,ringan,1,0.0,0.0,29.15,156.0,0.275,8.0,643.5,7.2,0.001,0.02,0.14,0.015,5.35,234.5,24.0,0.03,2.24,0.0009,0.01,0.01,0.005,,,,,,,,
Rawa Badak Selatan,-6.127217,106.897442,berat,3,2000000.0,6800000.0,29.0,476.0,4.37,4.0,7.63,2.0,0.001,0.19,2.76,0.05,4.6,722.0,-54.5,0.08,13.43,0.0009,0.01,0.65,0.005,,,,,,,,
Rawa Terate,-6.185942833,106.9226638,ringan,1,0.0,0.0,29.4,552.5,0.07,3.0,6.755,2.1,0.001,0.03,0.21,5.0,3.75,833.0,11.0,0.08,3.25,0.0009,0.01,0.02,0.005,,,,,,,,
Maphar,-6.15415,106.8191,ringan,1,0.0,0.0,30.65,254.0,2.6,10.0,7.41,1.6,0.001,0.01,0.14,0.025,4.95,377.5,-34.5,0.03,4.75,0.0009,0.01,0.057,0.005,,,,,,,,
Marunda,-6.122472222,106.9596111,sedang,2,0.0,200.0,32.35,1178.5,2.16,26.0,8.15,0.54,0.001,0.03,0.03,0.11,4.9,1754.0,-83.5,0.04,12.39,0.0009,0.01,0.051,0.005,,,,,,,,
Utan Panjang,-6.16835,106.85582,ringan,1,0.0,0.0,29.7,690.5,0.21,1.0,6.975,6.5,0.001,0.03,0.02,0.06,3.8,1030.5,7.0,0.03,3.7,0.0009,0.01,0.01,0.005,,,,,,,,
Senen,-6.172183333,106.8413611,ringan,1,0.0,0.0,31.3,245.0,1.935,12.0,7.115,4.6,0.001,0.01,0.04,0.02,5.15,374.0,-19.5,0.03,4.66,0.0009,0.01,0.01,0.005,,,,,,,,
Pegadungan,-6.1331,106.7105,sedang,2,0.0,300.0,29.3,4540.0,0.565,5.0,6.885,0.6,0.001,0.17,0.01,0.37,5.15,682.0,-8.0,0.05,12.52,0.0009,0.01,0.01,0.005,,,,,,,,
Serdang,-6.15919,106.8563,berat,3,200.0,400.0,29.35,948.5,1.48,1.0,7.125,2.9,0.001,0.03,0.01,0.08,5.35,1452.0,-5.0,0.03,12.11,0.0009,0.01,0.036,0.005,,,,,,,,
Utan Kayu Selatan,-6.200566,106.868551,ringan,1,0.0,0.0,30.05,515.0,7.05,2.0,7.615,1.3,0.001,0.39,0.39,0.04,4.55,700.0,6.5,0.03,2.65,0.0009,0.01,0.01,0.005,,,,,,,,
Meruya Selatan,-6.214627,106.736433,berat,3,1200.0,7200.0,28.65,112.85,0.37,1.0,6.705,2.4,0.001,0.05,0.02,1.5,7.75,329.0,16.0,0.06,1.71,0.0009,0.01,0.071,0.005,,,,,,,,
Meruya Utara,-6.196362,106.747656,berat,3,0.0,51000.0,28.15,440.5,3.445,3.0,7.27,1.2,0.004,0.52,0.66,4.0,3.4,662.5,-19.0,0.05,1.52,0.0009,0.01,0.081,0.005,,,,,,,,
Palmerah,-6.202148,106.786773,berat,3,0.0,500.0,29.3,588.0,0.305,2.0,6.875,0.54,0.002,0.02,2.08,0.05,5.5,886.5,14.5,0.04,3.62,0.0009,0.01,0.01,0.005,,,,,,,,
Pademangan Barat,-6.133155,106.841209,baik,0,0.0,0.0,29.65,215.0,0.015,6.0,6.98,1.8,0.003,0.03,0.01,0.02,5.5,316.5,18.5,0.04,4.84,0.0009,0.01,0.087,0.005,,,,,,,,
Sukapura,-6.1558,106.9323,berat,3,36000.0,44000.0,29.65,678.5,2.615,8.0,7.635,1.6,0.008,0.08,0.69,6.0,3.45,1007.5,-41.0,0.09,4.33,0.0009,0.01,0.06,0.005,,,,,,,,
Pademangan Timur,-6.13315,106.842745,berat,3,2600.0,10000.0,29.85,967.5,0.71,22.0,7.21,0.8,0.004,0.13,0.28,0.08,3.7,1449.5,-13.5,0.22,18.1,0.0009,0.02,0.15,0.005,,,,,,,,
Tanah Tinggi,-6.191690698,106.8131997,berat,3,0.0,3100.0,29.0,710.0,3.05,5.0,7.24,5.9,0.001,0.08,0.1,0.05,4.4,790.0,5.0,0.06,1.26,0.0009,0.01,0.01,0.005,,,,,,,,
Taman Sari,-6.1506,106.832,ringan,1,0.0,0.0,30.05,709.5,0.05,8.0,7.075,1.4,0.001,0.01,0.64,0.06,3.65,1065.5,7.0,0.07,4.5,0.0009,0.02,0.1,0.005,,,,,,,,
Tambora,-6.146972222,106.8085,berat,3,1500.0,2300.0,28.8,497.5,4.745,7.0,6.85,4.0,0.001,1.1,0.26,0.045,3.15,746.5,7.5,0.05,7.11,0.0009,0.01,0.093,0.005,,,,,,,,
Tanah Sereal,-6.158777778,106.8087778,ringan,1,0.0,0.0,29.35,432.5,27.14,6.0,7.025,1.4,0.01,1.89,0.4,0.04,3.75,647.0,8.5,0.05,4.01,0.0009,0.01,0.49,0.005,,,,,,,,
Tangki,-6.1467,106.8225,sedang,2,0.0,0.0,24.7,484.5,4.59,1.0,7.385,1.2,0.005,0.97,1.98,0.04,5.4,730.0,-12.5,0.07,4.43,0.0009,0.01,0.01,0.005,,,,,,,,
Tanjung Duren Utara,-6.171666667,106.7841667,ringan,1,0.0,0.0,30.8,752.5,16.845,7.0,7.535,1.9,0.001,1.08,0.13,0.07,4.05,1148.0,-40.0,0.04,15.86,0.0009,0.01,0.94,0.005,,,,,,,,
Pegangsaan Dua,-6.17555,106.90844,sedang,2,0.0,200.0,28.2,571.0,0.535,13.0,7.82,0.54,0.001,0.25,0.02,0.05,4.2,863.5,-31.5,0.05,3.68,0.0009,0.01,0.01,0.005,,,,,,,,
Tugu Selatan,-6.130932,106.907678,berat,3,60000.0,59000.0,28.45,434.5,11.59,5.0,7.475,1.9,0.001,1.69,0.64,0.04,5.35,648.0,-36.5,0.07,15.56,0.0009,0.01,0.24,0.005,,,,,,,,
Ujung Menteng,-6.186533333,106.9225528,sedang,2,0.0,0.0,28.3,290.5,12.425,8.0,6.705,1.2,0.006,3.0,1.05,0.03,3.9,442.0,28.5,0.03,5.59,0.0009,0.01,0.012,0.005,,,,,,,,
Pekojan,-6.139477778,106.8009361,berat,3,2000000.0,5600000.0,29.1,584.0,5.61,12.0,7.495,1.7,0.001,0.54,2.26,0.06,3.3,875.5,-39.0,0.04,10.71,0.0009,0.01,0.074,0.005,,,,,,,,
Warakas,-6.125638889,106.8815278,berat,3,500.0,2400.0,28.55,1286.0,3.58,8.0,7.61,0.7,0.004,0.1,0.74,10.5,2.45,1897.5,-31.0,0.07,8.61,0.0009,0.01,0.024,0.005,,,,,,,,
Petogogan,-6.244371,106.813672,ringan,1,0.0,0.0,29.95,375.0,18.6,13.0,7.165,0.6,0.006,0.47,0.6,0.03,3.9,525.0,3.5,0.07,2.6,0.0009,0.01,0.051,0.005,,,,,,,,
Rawa Buaya,-6.169802,106.734283,ringan,1,0.0,0.0,31.35,654.5,1.595,7.0,7.095,1.2,0.001,0.01,0.57,0.06,4.15,989.5,-16.5,0.05,4.56,0.0009,0.01,0.01,0.005,,,,,,,,
Pluit,-6.104653,106.768444,berat,3,24000.0,54000.0,31.5,525.0,5.95,16.0,7.54,0.54,0.006,0.26,1.32,0.405,4.5,745.0,-17.5,0.09,19.4,0.0009,0.01,0.23,0.005,,,,,,,,
Rawa Badak Utara,-6.115133,106.898836,berat,3,100.0,10000.0,30.1,1000.5,19.12,11.0,7.845,0.54,0.006,0.24,0.26,8.0,2.4,1476.5,-46.0,0.13,18.98,0.0009,0.01,0.24,0.005,,,,,,,,
Roa Malaka,-6.132522,106.807665,berat,3,0.0,1000.0,31.15,945.0,13.5,15.0,7.695,0.9,0.001,0.76,0.56,0.065,3.55,1415.0,-26.0,0.09,8.92,0.0009,0.01,0.22,0.005,,,,,,,,
Semper Timur,-6.130861111,106.9400556,berat,3,0.0,700.0,29.3,1090.0,3.74,14.0,7.48,0.54,0.001,0.15,1.74,0.1,5.8,1620.0,-24.45,0.07,8.16,0.0009,0.01,0.013,0.005,,,,,,,,
Srengseng,-6.203533,106.756813,baik,0,0.0,0.0,27.2,145.0,0.5,1.0,6.865,1.5,0.001,0.05,0.01,0.01,8.25,217.5,21.5,0.03,2.9,0.005,0.01,0.02,0.005,,,,,,,,
Sungai Bambu,-6.127459,106.887618,berat,3,0.0,500.0,29.05,823.5,2.515,14.0,7.41,0.54,0.001,0.75,1.2,0.065,3.85,1228.5,-2.0,0.14,6.97,0.0009,0.01,0.084,0.005,,,,,,,,
Tanjung Priok,-6.118083333,106.8724167,berat,3,0.0,1000.0,29.05,1174.5,5.57,16.0,7.63,0.9,0.002,0.56,1.31,10.0,3.75,1786.5,-33.0,0.09,17.26,0.0009,0.01,0.23,0.005,,,,,,,,
Tegal Parang,-6.250027778,106.8334444,ringan,1,0.0,0.0,29.8,441.0,4.245,6.0,6.675,7.3,0.001,0.11,1.17,0.04,2.65,663.0,22.5,0.05,1.98,0.0009,0.01,0.51,0.005,,,,,,,,
Tugu Utara,-6.12352,106.91125,berat,3,0.0,5400.0,34.45,591.0,1.76,11.0,7.745,1.6,0.001,0.31,0.05,0.05,4.75,888.0,-60.5,0.08,7.82,0.0009,0.01,0.58,0.005,,,,,,,,
BENDUNGAN HILIR,-6.203174,106.804301,,0,,,,,,,,,,,,,,,,,,,,,,11.13,1.0,1.105,8.71,0.01,184.5,0.0,0.0
GELORA,-6.210758,106.796411,,0,,,,,,,,,,,,,,,,,,,,,,11.315,1.0,0.575,2.95,0.01,113.0,0.0,0.0
KAMPUNG BALI,-6.183459,106.8171484,,0,,,,,,,,,,,,,,,,,,,,,,7.005,29.0,14.05,0.95,0.01,560.0,1400.0,0.0
KARET TENGSIN,-6.211969,106.815474,,0,,,,,,,,,,,,,,,,,,,,,,11.65,1.0,0.55,13.9,0.01,188.5,800.0,200.0
KEBON KACANG,-6.191175,106.81455,,0,,,,,,,,,,,,,,,,,,,,,,11.21,21.0,0.27,8.58,0.02,157.0,0.0,0.0
KEBON MELATI,-6.191242,106.812738,,0,,,,,,,,,,,,,,,,,,,,,,11.065,6.0,1.55,7.65,0.01,255.0,100.0,0.0
PETAMBURAN,-6.194728,106.807456,,0,,,,,,,,,,,,,,,,,,,,,,11.04,1.0,0.485,6.46,0.04,215.0,1400.0,100.0
GALUR,-6.175588889,106.8545806,,0,,,,,,,,,,,,,,,,,,,,,,7.195,9.0,0.4,0.79,0.01,199.5,0.0,0.0
CIDENG,-6.168036,106.809313,,0,,,,,,,,,,,,,,,,,,,,,,9.33,13.0,0.365,0.14,0.01,299.0,500.0,0.0
DURI PULO,-6.1649,106.80951,,0,,,,,,,,,,,,,,,,,,,,,,9.615,2.0,0.36,0.46,0.01,180.0,1500.0,500.0
GAMBIR,-6.179543,106.8204,,0,,,,,,,,,,,,,,,,,,,,,,9.795,79.0,17.445,1.28,0.01,270.0,0.0,0.0
KEBON KELAPA,-6.16444,106.81698,,0,,,,,,,,,,,,,,,,,,,,,,10.825,1.0,0.0,3.26,0.01,185.5,0.0,0.0
PETOJO SELATAN,-6.17167,106.81679,,0,,,,,,,,,,,,,,,,,,,,,,10.2,2.0,0.3,0.29,0.01,326.5,0.0,0.0
PETOJO UTARA,-6.162406,106.817487,,0,,,,,,,,,,,,,,,,,,,,,,9.78,4.0,0.6,0.2,0.01,189.0,500.0,0.0
GUNUNG SAHARI UTARA,-6.15315,106.83872,,0,,,,,,,,,,,,,,,,,,,,,,7.41,9.0,0.2,8.83,0.01,1180.0,13000.0,1200.0
KARANG ANYAR UTARA,-6.155555556,106.8286111,,0,,,,,,,,,,,,,,,,,,,,,,7.01,1.0,0.1,1.38,0.01,905.0,1600.0,0.0
KARTINI,-6.153055556,106.8316667,,0,,,,,,,,,,,,,,,,,,,,,,7.08,1.0,1.2,0.2,0.01,1050.0,0.0,0.0
MANGGA DUA SELATAN,-6.1378,106.82724,,0,,,,,,,,,,,,,,,,,,,,,,7.135,1.0,1.3,0.65,0.01,345.0,0.0,0.0
PASAR BARU,-6.16018961,106.8314766,,0,,,,,,,,,,,,,,,,,,,,,,7.245,4.0,0.3,0.1,0.02,540.0,100.0,0.0
CEMPAKA BARU,-6.16989,106.8593,,0,,,,,,,,,,,,,,,,,,,,,,7.615,8.0,0.16,0.24,0.01,300.0,5500.0,200.0
GUNUNG SAHARI SELATAN,-6.160555556,106.8458333,,0,,,,,,,,,,,,,,,,,,,,,,7.5,4.0,0.05,1.96,0.01,405.0,100.0,0.0
HARAPAN MULIA,-6.168055556,106.8575,,0,,,,,,,,,,,,,,,,,,,,,,7.015,4.0,0.1,0.2,0.01,910.0,100.0,0.0
KEMAYORAN,-6.167777778,106.8436111,,0,,,,,,,,,,,,,,,,,,,,,,6.66,16.0,21.4,4.31,0.12,415.0,0.0,0.0
SERDANG,-6.15919,106.8563,,0,,,,,,,,,,,,,,,,,,,,,,7.705,7.0,0.71,4.94,0.08,438.0,200.0,200.0
SUMUR BATU,-6.1622,106.8737,,0,,,,,,,,,,,,,,,,,,,,,,7.425,1.0,0.06,0.12,0.01,395.0,0.0,0.0
UTAN PANJANG,-6.16835,106.85582,,0,,,,,,,,,,,,,,,,,,,,,,7.475,4.0,0.14,5.9,0.01,678.0,0.0,0.0
KEBON KOSONG,-6.1534,106.8581,,0,,,,,,,,,,,,,,,,,,,,,,8.29,4.0,0.06,1.03,0.01,1094.5,2400.0,800.0
KRAMAT,-6.18782,106.84737,,0,,,,,,,,,,,,,,,,,,,,,,6.91,9.0,0.035,0.28,0.05,308.5,0.0,0.0
BUNGUR,-6.168777778,106.8464722,,0,,,,,,,,,,,,,,,,,,,,,,6.95,3.0,0.105,5.79,0.01,563.0,600.0,100.0
KENARI,-6.190638889,106.8464694,,0,,,,,,,,,,,,,,,,,,,,,,7.22,4.0,0.25,6.51,0.01,221.5,0.0,0.0
KWITANG,-6.186686111,106.8409639,,0,,,,,,,,,,,,,,,,,,,,,,7.015,31.0,15.635,1.16,0.01,512.5,1100.0,0.0
PASEBAN,-6.191527778,106.8540278,,0,,,,,,,,,,,,,,,,,,,,,,6.56,4.0,0.09,0.8,0.01,344.5,1000.0,100.0
SENEN,-6.17218333,106.8413611,,0,,,,,,,,,,,,,,,,,,,,,,7.055,4.0,0.04,6.06,0.01,314.0,0.0,0.0
CEMPAKA PUTIH BARAT,-6.175441,106.8547487,,0,,,,,,,,,,,,,,,,,,,,,,7.375,11.0,1.11,0.2,0.01,438.5,100.0,0.0
CEMPAKA PUTIH TIMUR,-6.172295,106.8717,,0,,,,,,,,,,,,,,,,,,,,,,7.715,2.0,0.25,0.75,0.01,127.0,0.0,0.0
RAWA SARI,-6.19036624,106.8710323,,0,,,,,,,,,,,,,,,,,,,,,,7.31,14.0,0.215,0.42,0.01,503.5,300.0,300.0
CIKINI,-6.1902,106.8708694,,0,,,,,,,,,,,,,,,,,,,,,,6.845,2.0,0.25,0.62,0.01,335.0,17000.0,1000.0
GONDANGDIA,-6.188,106.838,,0,,,,,,,,,,,,,,,,,,,,,,6.765,6.0,0.2,1.74,0.01,225.0,1400.0,0.0
KEBON SIRIH,-6.1859,106.828,,0,,,,,,,,,,,,,,,,,,,,,,7.115,20.0,1.35,1.74,0.04,385.0,3900.0,2400.0
MENTENG,-6.203,106.844,,0,,,,,,,,,,,,,,,,,,,,,,7.185,14.0,2.7,1.14,0.01,455.0,21000.0,8000.0
PEGANGSAAN,-6.204079413,106.8502247,,0,,,,,,,,,,,,,,,,,,,,,,6.345,1.0,0.15,13.36,0.01,355.0,0.0,0.0
TANJUNG PRIOK,-6.1180833,106.8724242,,0,,,,,,,,,,,,,,,,,,,,,,7.675,23.0,7.55,1.93,0.01,975.0,0.0,0.0
WARAKAS,-6.1256388,106.8815278,,0,,,,,,,,,,,,,,,,,,,,,,7.94,25.0,3.2,1.82,0.09,650.0,16000.0,2400.0
KOJA,-6.108956,106.901129,,0,,,,,,,,,,,,,,,,,,,,,,7.21,11.0,1.15,0.59,0.02,635.0,4900.0,300.0
LAGOA,-6.11774,106.90871,,0,,,,,,,,,,,,,,,,,,,,,,8.33,14.0,3.01,1.38,0.01,106.0,10000.0,1200.0
RAWA BADAK SELATAN,-6.12729,106.89732,,0,,,,,,,,,,,,,,,,,,,,,,7.16,17.0,4.09,0.78,0.01,300.0,1300.0,0.0
RAWA BADAK UTARA,-6.115133,106.898836,,0,,,,,,,,,,,,,,,,,,,,,,7.205,36.0,12.77,1.34,0.07,685.5,5600.0,100.0
TUGU SELATAN,-6.13127,106.90763,,0,,,,,,,,,,,,,,,,,,,,,,7.03,40.0,2.71,0.88,0.01,242.5,38000.0,14000.0
TUGU UTARA,-6.12353,106.9119,,0,,,,,,,,,,,,,,,,,,,,,,7.08,19.0,3.25,1.61,0.01,450.5,0.0,0.0
CILINCING,-6.10938,106.93849,,0,,,,,,,,,,,,,,,,,,,,,,7.115,34.0,0.23,0.2,0.01,280.5,6600.0,700.0
JOHAR BARU,-6.183416667,106.856611,,0,,,,,,,,,,,,,,,,,,,,,,6.585,1.0,0.245,4.93,0.01,311.5,300.0,0.0
KAMPUNG RAWA,-6.180313889,106.8587278,,0,,,,,,,,,,,,,,,,,,,,,,6.87,8.0,0.135,9.6,0.01,322.5,12000.0,0.0
TANAH TINGGI,-6.183344,106.849146,,0,,,,,,,,,,,,,,,,,,,,,,7.095,58.0,0.175,1.08,0.01,283.5,0.0,0.0
KAMAL MUARA,-6.09805,106.71409,,0,,,,,,,,,,,,,,,,,,,,,,8.1,20.0,3.02,0.85,0.01,843.0,300.0,0.0
KAPUK MUARA,-6.130619,106.759972,,0,,,,,,,,,,,,,,,,,,,,,,8.795,11.0,0.83,0.2,0.01,429.5,0.0,0.0
PEJAGALAN,-6.105556,106.768053,,0,,,,,,,,,,,,,,,,,,,,,,8.29,7.0,2.39,0.2,0.02,469.5,0.0,0.0
PENJARINGAN,-6.133093,106.796512,,0,,,,,,,,,,,,,,,,,,,,,,8.425,18.0,31.815,1.46,0.01,799.5,6700.0,3900.0
PLUIT,-6.104653,106.768444,,0,,,,,,,,,,,,,,,,,,,,,,8.65,27.0,7.67,1.82,0.08,846.5,58000.0,16000.0
KEBON BAWANG,-6.11472222,106.8865833,,0,,,,,,,,,,,,,,,,,,,,,,8.5,13.0,7.53,0.52,0.02,796.5,16000.0,500.0
PAPANGGO,-6.129192,106.87506,,0,,,,,,,,,,,,,,,,,,,,,,7.39,22.0,1.55,0.6,0.01,1350.0,2300.0,0.0
SUNGAI BAMBU,-6.129964,106.886732,,0,,,,,,,,,,,,,,,,,,,,,,8.075,46.0,3.215,0.28,0.01,546.5,200.0,0.0
SUNTER AGUNG,-6.14024794,106.8718244,,0,,,,,,,,,,,,,,,,,,,,,,7.125,3.0,0.5,0.2,0.01,2035.0,100.0,0.0
SUNTER JAYA,-6.154651,106.867336,,0,,,,,,,,,,,,,,,,,,,,,,7.43,1.0,0.555,0.2,0.01,878.5,0.0,0.0
KALI BARU,-6.099442,106.933804,,0,,,,,,,,,,,,,,,,,,,,,,7.220000000000001,37.0,0.265,1.2,0.01,547.0,3400.0,100.0
MARUNDA,-6.12256,106.95956,,0,,,,,,,,,,,,,,,,,,,,,,7.77,36.0,0.05,0.2,0.02,1196.5,0.0,0.0
ROROTAN,-6.14911,106.95835,,0,,,,,,,,,,,,,,,,,,,,,,6.8,16.0,0.135,0.2,0.01,1250.0,1500.0,100.0
SEMPER BARAT,-6.13444,106.9252,,0,,,,,,,,,,,,,,,,,,,,,,7.039999999999999,23.0,0.13,0.55,0.01,722.5,65000.0,29000.0
SEMPER TIMUR,-6.13089,106.94004,,0,,,,,,,,,,,,,,,,,,,,,,7.0649999999999995,24.0,0.27,0.7,0.01,749.0,3900.0,0.0
SUKAPURA,-6.1558,106.9323,,0,,,,,,,,,,,,,,,,,,,,,,7.45,27.0,2.4,3.0,0.13,330.0,38000.0,12000.0
ANCOL,-6.13155,106.82055,,0,,,,,,,,,,,,,,,,,,,,,,7.305,11.0,0.03,0.6,0.06,486.5,400.0,100.0
PADEMANGAN BARAT,-6.133058,106.841189,,0,,,,,,,,,,,,,,,,,,,,,,7.365,118.0,18.85,0.6,0.07,2760.0,12000.0,400.0
PADEMANGAN TIMUR,-6.133058,106.841189,,0,,,,,,,,,,,,,,,,,,,,,,7.34,31.0,0.8049999999999999,0.5,0.01,2425.0,72000.0,300.0
KELAPA GADING BARAT,-6.16301,106.8846,,0,,,,,,,,,,,,,,,,,,,,,,7.93,5.0,0.62,0.2,0.01,738.0,100.0,0.0
RAWA BUAYA,-6.169802,106.734283,,0,,,,,,,,,,,,,,,,,,,,,,7.915,8.0,4.35,0.2,0.01,441.0,0.0,0.0
GROGOL,-6.15926,106.79337,,0,,,,,,,,,,,,,,,,,,,,,,6.805,11.0,0.5,0.2,0.01,685.0,700.0,0.0
JELAMBAR,-6.161,106.781,,0,,,,,,,,,,,,,,,,,,,,,,7.22,8.0,0.15,0.2,0.01,735.0,300.0,0.0
JELAMBAR BARU,-6.142696,106.788173,,0,,,,,,,,,,,,,,,,,,,,,,7.29,13.0,1.65,1.16,0.01,595.0,700.0,0.0
TANJUNG DUREN SELATAN,-6.18103,106.7878,,0,,,,,,,,,,,,,,,,,,,,,,6.83,7.0,0.3,4.62,0.01,610.0,5100.0,900.0
TANJUNG DUREN UTARA,-6.1748057,106.7831061,,0,,,,,,,,,,,,,,,,,,,,,,6.58,17.0,11.9,2.56,0.08,535.0,0.0,0.0
TOMANG,-6.17196,106.80021,,0,,,,,,,,,,,,,,,,,,,,,,6.63,38.0,0.4,0.42,0.01,610.0,100.0,0.0
WIJAYA KUSUMA,-6.15375,106.77251,,0,,,,,,,,,,,,,,,,,,,,,,6.955,8.0,0.1,0.2,0.01,955.0,7500.0,700.0
GLODOK,-6.1465,106.8132222,,0,,,,,,,,,,,,,,,,,,,,,,7.315,5.0,0.14,0.2,0.01,1270.0,100.0,0.0
KELAPA GADING TIMUR,-6.1666,106.90277,,0,,,,,,,,,,,,,,,,,,,,,,8.129999999999999,14.0,1.445,0.2,0.01,492.0,0.0,0.0
PEGANGSAAN DUA,-6.17555,106.90844,,0,,,,,,,,,,,,,,,,,,,,,,7.92,14.0,0.19499999999999998,0.2,0.01,212.8,0.0,0.0
CENGKARENG BARAT,-6.1497,106.7219,,0,,,,,,,,,,,,,,,,,,,,,,6.87,14.0,0.43,4.84,0.01,406.5,3700.0,500.0
CENGKARENG TIMUR,-6.1479,106.7331,,0,,,,,,,,,,,,,,,,,,,,,,7.94,8.0,0.26,0.66,0.01,810.0,200.0,0.0
DURI KOSAMBI,-6.17028,106.7223,,0,,,,,,,,,,,,,,,,,,,,,,7.875,1.0,3.63,0.27,0.01,231.0,0.0,0.0
KAPUK,-6.13141,106.7417,,0,,,,,,,,,,,,,,,,,,,,,,8.68,20.0,0.6,0.2,0.01,257.0,0.0,0.0
KEDAUNG KALI ANGKE,-6.15552,106.760865,,0,,,,,,,,,,,,,,,,,,,,,,7.55,20.0,14.905,1.22,0.01,179.0,0.0,0.0
KEAGUNGAN,-6.150888889,106.8150556,,0,,,,,,,,,,,,,,,,,,,,,,7.195,1.0,0.41,1.5,0.01,182.5,0.0,0.0
KRUKUT,-6.15573,106.81614,,0,,,,,,,,,,,,,,,,,,,,,,7.69,7.0,0.805,5.2,0.01,414.0,1100.0,300.0
MANGGA BESAR,-6.14753,106.81933,,0,,,,,,,,,,,,,,,,,,,,,,8.235,40.0,78.0,0.5,0.01,1237.0,4800.0,0.0
MAPHAR,-6.15395,106.81903,,0,,,,,,,,,,,,,,,,,,,,,,7.555,10.0,0.01,1.3,0.01,206.5,0.0,0.0
PINANGSIA,-6.15395,106.81903,,0,,,,,,,,,,,,,,,,,,,,,,7.88,4.0,1.405,2.4,0.15,492.0,8500.0,0.0
TAMAN SARI,-6.137959,106.819025,,0,,,,,,,,,,,,,,,,,,,,,,7.574999999999999,15.0,0.425,0.9,0.3,565.5,600.0,0.0
TANGKI,-6.1467,106.8225,,0,,,,,,,,,,,,,,,,,,,,,,7.9,2.0,16.11,0.5,0.01,377.5,0.0,0.0
ROA MALAKA,-6.132522,106.807665,,0,,,,,,,,,,,,,,,,,,,,,,7.390000000000001,36.0,4.345,0.5,0.1,770.5,200.0,0.0
TAMBORA,-6.146972222,106.808524,,0,,,,,,,,,,,,,,,,,,,,,,6.605,9.0,0.33999999999999997,1.1,0.02,426.0,17000.0,28000.0
TANAH SEREAL,-6.158584,106.808963,,0,,,,,,,,,,,,,,,,,,,,,,7.08,3.0,0.3,1.41,0.01,563.5,0.0,0.0
ANGKE,-6.144031,106.799035,,0,,,,,,,,,,,,,,,,,,,,,,7.19,11.0,7.27,2.36,0.02,484.0,7500.0,2800.0
DURI SELATAN,-6.158349,106.802376,,0,,,,,,,,,,,,,,,,,,,,,,6.985,3.0,0.64,3.09,0.01,693.0,0.0,0.0
DURI UTARA,-6.155,-106.8031389,,0,,,,,,,,,,,,,,,,,,,,,,7.145,36.0,9.915,2.9,0.04,318.5,35000.0,21000.0
JEMBATAN BESI,-6.15285,-106.79772,,0,,,,,,,,,,,,,,,,,,,,,,7.55,2.0,0.55,2.64,0.01,552.0,200.0,0.0
JEMBATAN LIMA,-6.146914,106.80313,,0,,,,,,,,,,,,,,,,,,,,,,7.345,33.0,0.335,0.55,0.01,612.5,47000.0,22000.0
KALIANYAR,-6.156082,106.799401,,0,,,,,,,,,,,,,,,,,,,,,,7.36,7.0,0.21,3.17,0.01,1330.0,0.0,0.0
KRENDANG,-6.152586,106.802309,,0,,,,,,,,,,,,,,,,,,,,,,7.24,2.0,0.0,0.2,0.01,529.5,100.0,0.0
PEKOJAN,-6.139477778,106.8009361,,0,,,,,,,,,,,,,,,,,,,,,,7.285,39.0,3.4,2.26,0.01,554.0,36000.0,6000.0
DURI KEPA,-6.1851,106.773,,0,,,,,,,,,,,,,,,,,,,,,,7.215,7.0,1.355,0.2,0.01,449.5,0.0,0.0
KEBON JERUK,-6.17995,106.7588,,0,,,,,,,,,,,,,,,,,,,,,,7.41,78.0,7.97,0.2,0.01,244.5,0.0,0.0
KEDOYA SELATAN,-6.203533,106.756813,,0,,,,,,,,,,,,,,,,,,,,,,7.895,1.0,0.17,4.03,0.01,174.0,1100.0,0.0
KEDOYA UTARA,-6.176698,106.767512,,0,,,,,,,,,,,,,,,,,,,,,,8.32,21.0,9.32,0.79,0.01,272.5,0.0,0.0
KELAPA DUA,-6.2143,106.7693,,0,,,,,,,,,,,,,,,,,,,,,,7.06,3.0,0.31,14.12,0.01,186.5,0.0,0.0
SUKABUMI SELATAN,-6.217711,106.76985,,0,,,,,,,,,,,,,,,,,,,,,,6.825,1.0,0.42,10.18,0.01,110.5,200.0,0.0
SUKABUMI UTARA,-6.21006,106.77775,,0,,,,,,,,,,,,,,,,,,,,,,7.19,2.0,0.445,4.67,0.01,171.0,2900.0,500.0
KALIDERES,-6.143781,106.692015,,0,,,,,,,,,,,,,,,,,,,,,,6.725,1.0,0.2,2.96,0.01,414.0,3500.0,0.0
KAMAL,-6.104478,106.706256,,0,,,,,,,,,,,,,,,,,,,,,,8.71,4.0,1.21,0.56,0.01,836.0,4600.0,100.0
PEGADUNGAN,-6.13339,106.71027,,0,,,,,,,,,,,,,,,,,,,,,,7.285,46.0,0.32,1.89,0.01,1212.0,200.0,0.0
SEMANAN,-6.1605,106.70516,,0,,,,,,,,,,,,,,,,,,,,,,7.2,23.0,0.765,0.21,0.01,423.0,0.0,0.0
TEGAL ALUR,-6.1184,106.71982,,0,,,,,,,,,,,,,,,,,,,,,,7.655,10.0,0.25,0.26,0.01,528.0,1200.0,0.0
JATI PULO,-6.176944444,106.8041667,,0,,,,,,,,,,,,,,,,,,,,,,7.005,1.0,0.35,3.57,0.1,330.0,20000.0,300.0
KEMANGGISAN,-6.19235,106.786703,,0,,,,,,,,,,,,,,,,,,,,,,6.925,1.0,0.55,5.02,0.01,380.0,4400.0,1600.0
KOTA BAMBU SELATAN,-6.185296,106.801934,,0,,,,,,,,,,,,,,,,,,,,,,6.54,1.0,0.1,18.38,0.01,635.0,0.0,0.0
KOTA BAMBU UTARA,-6.185555556,106.8072222,,0,,,,,,,,,,,,,,,,,,,,,,6.655,65.0,0.65,1.72,0.01,445.0,0.0,0.0
PALMERAH,-6.202148,106.786773,,0,,,,,,,,,,,,,,,,,,,,,,6.815,1.0,0.85,0.38,0.01,665.0,0.0,0.0
SLIPI,-6.1936668,106.8016429,,0,,,,,,,,,,,,,,,,,,,,,,6.53,1.0,0.4,1.02,0.01,2040.0,0.0,0.0
JOGLO,-6.220284,106.735469,,0,,,,,,,,,,,,,,,,,,,,,,7.875,29.0,3.15,0.42,0.01,239.5,6000.0,300.0
KEMBANGAN SELATAN,-6.18335,106.751974,,0,,,,,,,,,,,,,,,,,,,,,,8.145,13.0,22.66,1.24,0.01,295.5,0.0,0.0
KEMBANGAN UTARA,-6.179124,106.735213,,0,,,,,,,,,,,,,,,,,,,,,,8.04,9.0,0.25,0.52,0.01,244.5,600.0,0.0
MERUYA SELATAN,-6.214627,106.736433,,0,,,,,,,,,,,,,,,,,,,,,,6.635,1.0,0.555,8.5,0.01,96.5,0.0,0.0
MERUYA UTARA,-6.196362,106.747656,,0,,,,,,,,,,,,,,,,,,,,,,8.44,32.0,5.58,0.2,0.01,288.0,100.0,0.0
SRENGSENG,-6.203533,106.756813,,0,,,,,,,,,,,,,,,,,,,,,,7.9,2.0,1.075,3.88,0.01,90.05,0.0,0.0
BUKIT DURI,-6.224201,106.861218,,0,,,,,,,,,,,,,,,,,,,,,,6.695,1.0,0.24,7.78,0.01,267.0,100.0,0.0
KEBON BARU,-6.232335573,106.8595399,,0,,,,,,,,,,,,,,,,,,,,,,7.41,5.0,0.11,0.75,0.01,197.5,0.0,0.0
MANGGARAI,-6.217736111,106.8515472,,0,,,,,,,,,,,,,,,,,,,,,,6.765,2.0,0.27,3.79,0.01,431.5,2700.0,700.0
MANGGARAI SELATAN,-6.217622,106.847147,,0,,,,,,,,,,,,,,,,,,,,,,6.8,1.0,0.19,5.08,0.01,416.5,500.0,300.0
MENTENG DALAM,-6.234819444,106.8365556,,0,,,,,,,,,,,,,,,,,,,,,,7.445,11.0,0.345,0.2,0.01,395.5,3100.0,500.0
TEBET BARAT,-6.233187,106.848363,,0,,,,,,,,,,,,,,,,,,,,,,7.18,11.0,0.125,0.28,0.01,332.0,2000.0,100.0
TEBET TIMUR,-6.228673,106.85788,,0,,,,,,,,,,,,,,,,,,,,,,6.62,1.0,0.23,0.7,0.01,296.5,0.0,0.0
GUNTUR,-6.206711111,106.8328139,,0,,,,,,,,,,,,,,,,,,,,,,6.86,1.0,0.0,2.19,0.01,301.0,0.0,0.0
KARET,-6.215130291,106.8273196,,0,,,,,,,,,,,,,,,,,,,,,,6.265,2.0,0.235,7.54,0.01,215.0,0.0,0.0
KUNINGAN BARAT,-6.23685,106.820729,,0,,,,,,,,,,,,,,,,,,,,,,7.33,1.0,0.205,0.2,0.01,419.0,0.0,0.0
MAMPANG PRAPATAN,-6.244982,106.828908,,0,,,,,,,,,,,,,,,,,,,,,,6.53,1.0,0.11,8.65,0.01,240.5,700.0,300.0
PELA MAMPANG,-6.252931,106.811493,,0,,,,,,,,,,,,,,,,,,,,,,7.6,3.0,0.225,0.2,0.01,258.5,1800.0,0.0
TEGAL PARANG,-6.249958,106.833602,,0,,,,,,,,,,,,,,,,,,,,,,6.65,1.0,0.15,7.63,0.01,403.0,0.0,0.0
CILANDAK TIMUR,-6.30705,106.8104,,0,,,,,,,,,,,,,,,,,,,,,,7.67,5.0,0.14,0.2,0.01,110.5,0.0,0.0
JATI PADANG,-6.285694,106.83483,,0,,,,,,,,,,,,,,,,,,,,,,6.785,9.0,3.6,4.71,0.01,410.0,1300.0,300.0
KEBAGUSAN,-6.313343831,106.8298506,,0,,,,,,,,,,,,,,,,,,,,,,5.625,1.0,0.1,9.56,0.01,180.0,0.0,0.0
PASAR MINGGU,-6.28589,106.84037,,0,,,,,,,,,,,,,,,,,,,,,,6.38,7.0,0.45,12.42,0.01,212.0,0.0,0.0
KARET KUNINGAN,-6.218852778,106.8248611,,0,,,,,,,,,,,,,,,,,,,,,,6.39,5.0,0.17,7.28,0.01,315.0,0.0,0.0
KARET SEMANGGI,-6.225747,106.821192,,0,,,,,,,,,,,,,,,,,,,,,,7.86,1.0,0.36,9.8,0.01,242.0,0.0,0.0
KUNINGAN TIMUR,-6.227301,106.830146,,0,,,,,,,,,,,,,,,,,,,,,,7.455,4.0,0.52,7.55,0.01,100.5,9200.0,900.0
MENTENG ATAS,-6.222027778,106.8383056,,0,,,,,,,,,,,,,,,,,,,,,,7.265,1.0,0.13,1.14,0.01,159.85,0.0,0.0
PASAR MANGGIS,-6.209948,106.842126,,0,,,,,,,,,,,,,,,,,,,,,,6.825,1.0,0.13,10.3,0.01,397.5,0.0,100.0
SETIABUDI,-6.207064574,106.823378,,0,,,,,,,,,,,,,,,,,,,,,,6.93,2.0,0.095,1.66,0.01,255.5,0.0,0.0
BANGKA,-6.259324,106.825983,,0,,,,,,,,,,,,,,,,,,,,,,7.555,24.0,0.18,0.2,0.01,358.0,1400.0,0.0
PEJATEN BARAT,-6.269722222,106.8375,,0,,,,,,,,,,,,,,,,,,,,,,6.675,3.0,0.45,5.42,0.01,410.0,600.0,0.0
PEJATEN TIMUR,-6.294364,106.845185,,0,,,,,,,,,,,,,,,,,,,,,,6.57,6.0,0.1,12.24,0.01,250.0,300.0,0.0
RAGUNAN,-6.30532,106.81963,,0,,,,,,,,,,,,,,,,,,,,,,6.185,1.0,0.15,5.96,0.01,215.0,600.0,0.0
CIPULIR,-6.239322222,106.7763889,,0,,,,,,,,,,,,,,,,,,,,,,6.72,7.0,0.55,4.7,0.01,345.0,0.0,0.0
GROGOL SELATAN,-6.230277778,106.7833333,,0,,,,,,,,,,,,,,,,,,,,,,6.625,9.0,0.15,4.2,0.01,440.0,200.0,0.0
GROGOL UTARA,-6.211,106.78943,,0,,,,,,,,,,,,,,,,,,,,,,8.02,7.0,0.95,0.2,0.01,265.0,0.0,0.0
KEBAYORAN LAMA SELATAN,-6.248055556,106.7827778,,0,,,,,,,,,,,,,,,,,,,,,,6.12,1.0,0.1,24.1,0.2,380.0,100.0,0.0
KEBAYORAN LAMA UTARA,-6.241388889,106.7808333,,0,,,,,,,,,,,,,,,,,,,,,,6.17,1.0,0.15,5.62,0.01,170.0,0.0,0.0
PONDOK PINANG,-6.269722222,106.7761111,,0,,,,,,,,,,,,,,,,,,,,,,6.42,2.0,0.2,0.46,0.01,305.0,0.0,0.0
CILANDAK BARAT,-6.2827,106.7914,,0,,,,,,,,,,,,,,,,,,,,,,6.795,1.0,0.2,11.43,0.01,126.0,300.0,100.0
CIPETE SELATAN,-6.2739,106.7986,,0,,,,,,,,,,,,,,,,,,,,,,7.06,1.0,0.085,3.21,0.01,158.5,0.0,0.0
GANDARIA SELATAN,-6.27052,106.7938,,0,,,,,,,,,,,,,,,,,,,,,,5.925,3.0,0.305,11.72,0.01,143.5,0.0,0.0
LEBAK BULUS,-6.304623,106.7821471,,0,,,,,,,,,,,,,,,,,,,,,,7.36,1.0,0.18,2.92,0.01,117.5,1400.0,1000.0
PONDOK LABU,-6.3064498,106.798043,,0,,,,,,,,,,,,,,,,,,,,,,6.38,1.0,0.26,2.61,0.01,107.0,0.0,0.0
CIPETE UTARA,-6.262866,106.802951,,0,,,,,,,,,,,,,,,,,,,,,,8.275,4.0,0.605,0.2,0.01,180.5,500.0,0.0
GANDARIA UTARA,-6.257356,106.788091,,0,,,,,,,,,,,,,,,,,,,,,,7.805,1.0,0.55,3.74,0.01,96.5,0.0,0.0
GUNUNG,-6.23763,106.78773,,0,,,,,,,,,,,,,,,,,,,,,,6.94,6.0,0.315,10.14,0.01,94.0,200.0,0.0
KERAMAT PELA,-6.244954,106.790696,,0,,,,,,,,,,,,,,,,,,,,,,7.285,1.0,0.455,3.74,0.01,85.0,0.0,0.0
MELAWAI,-6.248401,106.802787,,0,,,,,,,,,,,,,,,,,,,,,,7.61,4.0,3.2,9.32,0.01,110.5,5200.0,300.0
PETOGOGAN,-6.244371,106.813672,,0,,,,,,,,,,,,,,,,,,,,,,8.31,1.0,1.975,0.9,0.01,185.0,0.0,0.0
PULO,-6.250892,106.80993,,0,,,,,,,,,,,,,,,,,,,,,,8.525,1.0,1.58,0.2,0.01,153.5,900.0,0.0
RAWA BARAT,-6.238207,106.816357,,0,,,,,,,,,,,,,,,,,,,,,,7.37,1.0,0.36,5.93,0.01,147.5,0.0,0.0
SELONG,-6.230511,106.812438,,0,,,,,,,,,,,,,,,,,,,,,,7.42,1.0,0.265,1.88,0.01,136.5,100.0,0.0
SENAYAN,-6.227783,106.812796,,0,,,,,,,,,,,,,,,,,,,,,,8.13,4.0,0.295,0.89,0.01,104.0,0.0,0.0
CIKOKO,-6.24689,106.852618,,0,,,,,,,,,,,,,,,,,,,,,,7.21,7.0,0.095,7.94,0.01,196.0,700.0,0.0
DUREN TIGA,-6.254243,106.836747,,0,,,,,,,,,,,,,,,,,,,,,,7.4,1.0,0.23,1.56,0.01,214.5,11000.0,2500.0
KALIBATA,-6.260027,106.847285,,0,,,,,,,,,,,,,,,,,,,,,,7.6,49.0,27.735,2.64,0.02,168.5,1700.0,0.0
PANCORAN,-6.248322,106.840535,,0,,,,,,,,,,,,,,,,,,,,,,7.035,7.0,0.23,6.48,0.01,142.0,400.0,0.0
PENGADEGAN,-6.250822,106.861365,,0,,,,,,,,,,,,,,,,,,,,,,7.21,1.0,0.34,7.18,0.01,152.5,0.0,0.0
RAWAJATI,-6.260338,106.852447,,0,,,,,,,,,,,,,,,,,,,,,,7.135,1.0,0.24,1.2,0.01,169.0,0.0,0.0
CIGANJUR,-6.338294,106.810575,,0,,,,,,,,,,,,,,,,,,,,,,7.765,29.0,16.76,3.16,0.01,128.5,4900.0,800.0
CIPEDAK,-6.344944,106.802531,,0,,,,,,,,,,,,,,,,,,,,,,7.11,2.0,0.15,6.9,0.01,103.5,900.0,0.0
JAGAKARSA,-6.328392,106.822334,,0,,,,,,,,,,,,,,,,,,,,,,5.975,1.0,0.16,10.3,0.01,117.0,0.0,0.0
LENTENG AGUNG,-6323974,106.837515,,0,,,,,,,,,,,,,,,,,,,,,,6.48,11.0,0.17,13.22,0.01,137.5,100.0,0.0
SRENGSENG SAWAH,-6.345404,106.831041,,0,,,,,,,,,,,,,,,,,,,,,,6.975,3.0,0.19,4.72,0.01,124.0,700.0,0.0
TANJUNG BARAT,-6.309485,106.85065,,0,,,,,,,,,,,,,,,,,,,,,,7.075,8.0,0.19,8.73,0.01,113.5,0.0,0.0
BINTARO,-6.27293,106.76447,,0,,,,,,,,,,,,,,,,,,,,,,5.38,1.0,0.615,19.4,0.01,98.5,400.0,400.0
PESANGGRAHAN,-6.25725,106.75718,,0,,,,,,,,,,,,,,,,,,,,,,8.595,3.0,0.94,0.2,0.01,204.0,600.0,0.0
PETUKANGAN SELATAN,-6.249578,106.752794,,0,,,,,,,,,,,,,,,,,,,,,,7.805,70.0,24.18,1.87,0.01,163.0,100.0,0.0
PETUKANGAN UTARA,-6.22718,106.78291,,0,,,,,,,,,,,,,,,,,,,,,,8.625,1.0,1.095,1.06,0.01,178.5,1700.0,0.0
ULUJAMI,-6.245221,106.76234,,0,,,,,,,,,,,,,,,,,,,,,,7.62,3.0,1.75,3.13,0.01,75.8,0.0,0.0
UTAN KAYU SELATAN,-6.200566,106.868551,,0,,,,,,,,,,,,,,,,,,,,,,6.975,12.0,2.95,0.08,0.01,347.0,400.0,0.0
UTAN KAYU UTARA,-6.198331,106.865,,0,,,,,,,,,,,,,,,,,,,,,,6.93,5.0,0.245,3.71,0.01,242.0,100.0,0.0
CIPINANG,-6.208916667,106.8950194,,0,,,,,,,,,,,,,,,,,,,,,,6.835,10.0,0.35,3.86,0.01,431.0,0.0,0.0
JATI,-6.199202778,106.9004889,,0,,,,,,,,,,,,,,,,,,,,,,6.98,13.0,0.16,1.06,0.02,488.0,0.0,0.0
JATI NEGARA KAUM,-6.2089026,106.8976261,,0,,,,,,,,,,,,,,,,,,,,,,7.35,11.0,0.195,1.3,0.02,397.5,0.0,0.0
KAYU PUTIH,-6.185919,106.887413,,0,,,,,,,,,,,,,,,,,,,,,,7.735,19.0,3.64,0.11,0.01,197.0,500.0,0.0
PISANGAN TIMUR,-6.208389,106.877065,,0,,,,,,,,,,,,,,,,,,,,,,6.9,4.0,0.21,6.19,0.01,152.5,0.0,0.0
JATINEGARA,-6.187632,106.962162,,0,,,,,,,,,,,,,,,,,,,,,,7.52,47.0,8.495,0.2,0.01,492.5,0.0,0.0
PULO GADUNG,-6.185911111,106.8936917,,0,,,,,,,,,,,,,,,,,,,,,,6.51,4.0,0.07,2.6,0.06,273.0,0.0,0.0
KAYU MANIS,-6.20694,106.863527,,0,,,,,,,,,,,,,,,,,,,,,,6.735,13.0,0.165,2.5,0.01,195.0,900.0,200.0
KEBON MANGGIS,-6.205609,106.855774,,0,,,,,,,,,,,,,,,,,,,,,,7.015,16.0,0.18,9.58,0.01,230.5,0.0,0.0
PELMERAH,-6.207228,106.86142,,0,,,,,,,,,,,,,,,,,,,,,,7.02,2.0,0.445,13.94,0.01,179.5,0.0,0.0
PISANGAN BARU,-6.209167,106.871194,,0,,,,,,,,,,,,,,,,,,,,,,7.1,3.0,0.28,4.98,0.01,263.5,0.0,0.0
SETU,-6.309244,106.914925,,0,,,,,,,,,,,,,,,,,,,,,,6.3,1.0,0.85,10.89,0.01,215.0,500.0,0.0
RAWAMANGUN,-6.198922,106.880913,,0,,,,,,,,,,,,,,,,,,,,,,7.51,1.0,0.18,3.02,0.01,115.0,0.0,0.0
BALIMESTER,-6.220187,106.866223,,0,,,,,,,,,,,,,,,,,,,,,,6.805,6.0,0.41,8.28,0.01,114.5,100.0,0.0
BIDARA CINA,-6.240085,106.867313,,0,,,,,,,,,,,,,,,,,,,,,,7.83,4.0,0.6,4.19,0.01,151.5,0.0,0.0
CIPINANG BESAR SELATAN,-6.23032,106.88205,,0,,,,,,,,,,,,,,,,,,,,,,7.71,4.0,0.32,3.16,0.01,158.0,0.0,0.0
CIPINANG BESAR UTARA,-6.217543,106.882196,,0,,,,,,,,,,,,,,,,,,,,,,8.505,13.0,6.88,0.34,0.01,239.0,0.0,0.0
CIPINANG CEMPEDAK,-6.228322,106.87436,,0,,,,,,,,,,,,,,,,,,,,,,7.625,6.0,2.245,2.88,0.01,110.0,200.0,0.0
CIPINANG MUARA,-6.227563,106.886375,,0,,,,,,,,,,,,,,,,,,,,,,7.48,67.0,16.21,5.54,0.01,93.5,2800.0,500.0
KAMPUNG MELAYU,-6.214519,106.859745,,0,,,,,,,,,,,,,,,,,,,,,,6.92,6.0,0.6,8.22,0.01,146.0,300.0,0.0
RAWABUNGA,-6.221406,106.869936,,0,,,,,,,,,,,,,,,,,,,,,,6.53,5.0,1.42,4.26,0.01,100.5,400.0,0.0
BALEKAMBANG,-6.28175,106.85028,,0,,,,,,,,,,,,,,,,,,,,,,6.465,1.0,0.145,3.12,0.01,121.0,0.0,0.0
BATU AMPAR,-6.28296,106.8589,,0,,,,,,,,,,,,,,,,,,,,,,7.4,26.0,6.645,1.22,0.01,149.5,0.0,0.0
CILILITAN,-6.26027,106.87002,,0,,,,,,,,,,,,,,,,,,,,,,7.365,7.0,0.235,10.73,0.01,133.0,800.0,100.0
DUKUH,-6.292713,106.877282,,0,,,,,,,,,,,,,,,,,,,,,,7.395,1.0,1.055,13.3,0.03,190.0,200.0,0.0
KRAMATJATI,-6.277857,106.871456,,0,,,,,,,,,,,,,,,,,,,,,,6.055,2.0,0.225,6.29,0.01,121.5,0.0,0.0
TENGAH,-6.289985,106.864673,,0,,,,,,,,,,,,,,,,,,,,,,7.385,1.0,0.19,0.2,0.01,277.0,100.0,0.0
CAWANG,-6.250276,106.868476,,0,,,,,,,,,,,,,,,,,,,,,,7.34,8.0,3.385,1.01,0.01,134.0,5200.0,0.0
BARU,-6.323055556,106.8511111,,0,,,,,,,,,,,,,,,,,,,,,,6.9,30.0,10.7,4.19,0.01,315.0,1600.0,0.0
CIJANTUNG,-6.324722222,106.8619444,,0,,,,,,,,,,,,,,,,,,,,,,6.295,3.0,0.0,22.04,0.01,385.0,0.0,0.0
GEDONG,-6.301111111,106.8658333,,0,,,,,,,,,,,,,,,,,,,,,,5.995,3.0,0.1,8.2,0.01,195.5,3500.0,0.0
KALISARI,-6.337222222,106.8558333,,0,,,,,,,,,,,,,,,,,,,,,,5.74,4.0,0.0,12.16,0.01,175.0,0.0,0.0
PEKAYON,-6.343055556,106.8619444,,0,,,,,,,,,,,,,,,,,,,,,,6.04,9.0,0.0,11.9,0.01,200.0,0.0,0.0
CAKUNG BARAT,-6.173333333,106.9325,,0,,,,,,,,,,,,,,,,,,,,,,7.305,10.0,0.795,2.78,0.01,4035.0,500.0,0.0
CAKUNG TIMUR,-6.183577,106.95749,,0,,,,,,,,,,,,,,,,,,,,,,7.26,9.0,1.905,2.22,0.01,490.5,100.0,0.0
PENGGILINGAN,-6.202666667,106.9309167,,0,,,,,,,,,,,,,,,,,,,,,,7.86,22.0,0.14,0.2,0.01,448.0,100.0,0.0
PULOGEBANG,-6.215944444,106.9545278,,0,,,,,,,,,,,,,,,,,,,,,,6.075,7.0,0.24,11.7,0.01,246.5,1900.0,0.0
RAWA TERATE,-6.185943,106.922664,,0,,,,,,,,,,,,,,,,,,,,,,6.595,13.0,1.665,1.01,0.02,563.5,2700.0,0.0
UJUNG MENTENG,-6.1865333,106.962881,,0,,,,,,,,,,,,,,,,,,,,,,6.685,27.0,104.5,4.59,0.01,348.5,500.0,0.0
DUREN SAWIT,-6.23123,106.91472,,0,,,,,,,,,,,,,,,,,,,,,,7.8,27.0,2.53,0.39,0.01,188.0,300.0,0.0
KLENDER,-6.2169,106.9081,,0,,,,,,,,,,,,,,,,,,,,,,7.38,11.0,0.125,0.82,0.01,284.5,0.0,0.0
MALAKA JAYA,-6.222277778,106.9325833,,0,,,,,,,,,,,,,,,,,,,,,,6.62,160.0,2.44,2.04,0.01,269.5,600.0,0.0
MALAKA SARI,-6.2276,106.9279,,0,,,,,,,,,,,,,,,,,,,,,,7.045,16.0,0.15,6.76,0.01,164.5,0.0,0.0
PONDOK BAMBU,-6.23537,106.89545,,0,,,,,,,,,,,,,,,,,,,,,,6.5,12.0,0.625,4.1,0.01,197.5,300.0,0.0
PONDOK KELAPA,-6.2391,106.9346,,0,,,,,,,,,,,,,,,,,,,,,,6.9,5.0,0.235,4.61,0.01,149.0,100.0,0.0
PULAU UNTUNG JAWA,-5.9787208,106.7085404,,0,,,,,,,,,,,,,,,,,,,,,,8.065,3.0,0.1,0.8,0.8,532.0,1900.0,200.0
PONDOK KOPI,-6.229173,106.94464,,0,,,,,,,,,,,,,,,,,,,,,,7.32,26.0,1.795,0.12,0.01,135.5,100.0,0.0
CIPINANG MELAYU,-6.24491,106.89864,,0,,,,,,,,,,,,,,,,,,,,,,6.985,20.0,0.23,11.95,0.01,172.5,300.0,0.0
HALIM PERDANA KUSUMA,-6.26788,106.89716,,0,,,,,,,,,,,,,,,,,,,,,,7.05,4.0,0.285,3.63,0.01,223.5,1400.0,0.0
KEBON PALA,-6.25792,106.87745,,0,,,,,,,,,,,,,,,,,,,,,,8.02,2.0,0.855,0.76,0.01,235.5,100.0,100.0
MAKASAR,-6.28051,106.87665,,0,,,,,,,,,,,,,,,,,,,,,,6.815,10.0,0.385,0.42,0.01,109.1,0.0,0.0
PINANG RANTI,-6.2876,106.8813,,0,,,,,,,,,,,,,,,,,,,,,,7.105,15.0,2.31,5.59,0.01,110.5,100.0,0.0
CIBUBUR,-6.34979,106.876606,,0,,,,,,,,,,,,,,,,,,,,,,5.505,13.0,0.2,16.44,0.01,200.0,0.0,0.0
CIRACAS,-6.328055556,106.8775,,0,,,,,,,,,,,,,,,,,,,,,,6.24,11.0,0.7,9.64,0.04,210.0,0.0,0.0
KELAPA DUA WETAN,-6.338333333,106.8822222,,0,,,,,,,,,,,,,,,,,,,,,,6.67,11.0,0.7,6.71,0.03,205.0,0.0,0.0
RAMBUTAN,-6.301944444,106.8719444,,0,,,,,,,,,,,,,,,,,,,,,,6.82,44.0,0.15,4.9,0.3,320.0,0.0,0.0
SUSUKAN,-6.312777778,106.8747222,,0,,,,,,,,,,,,,,,,,,,,,,6.53,11.0,0.2,7.78,0.01,210.0,1900.0,200.0
BAMBU APUS,-6.305777,106.906956,,0,,,,,,,,,,,,,,,,,,,,,,6.625,6.0,1.15,2.6,0.01,115.0,400.0,0.0
CEGER,-6.314453,106.889477,,0,,,,,,,,,,,,,,,,,,,,,,5.06,2.0,0.25,4.34,0.01,145.0,0.0,0.0
CILANGKAP,-6.333779,106.903523,,0,,,,,,,,,,,,,,,,,,,,,,5.085,1.0,0.2,9.69,0.01,210.0,0.0,0.0
CIPAYUNG,-6.324638,106.899433,,0,,,,,,,,,,,,,,,,,,,,,,7.08,46.0,3.8,0.25,0.02,175.0,100.0,100.0
LUBANG BUAYA,-6.289204,106.904074,,0,,,,,,,,,,,,,,,,,,,,,,7.485,1.0,0.2,0.2,1.2,245.0,100.0,0.0
MUNJUL,-6.348333333,106.8938889,,0,,,,,,,,,,,,,,,,,,,,,,6.24,8.0,0.2,7.39,0.01,140.0,1200.0,700.0
PONDOK RANGON,-6.347842,106.914327,,0,,,,,,,,,,,,,,,,,,,,,,6.46,7.0,0.2,5.16,0.01,120.0,0.0,0.0
PULAU KELAPA,-5.653154127,106.571582,,0,,,,,,,,,,,,,,,,,,,,,,8.095,3.0,1.82,0.02,0.2,1164.0,7700.0,200.0
PULAU PANGGANG,-5.74045911,106.6028813,,0,,,,,,,,,,,,,,,,,,,,,,8.005,4.0,0.29,0.04,0.04,615.5,4000.0,0.0
PULAU PRAMUKA,-5.747409919,106.613081,BAIK,0,,,,,,,,,,,,,,,,,,,,,,8.05,10.0,3.2,0.08,0.08,493.5,1900.0,900.0
A1,-5.994527768,106.7056944,BAIK,0,,,,,1.37,,8.1,,,,,30.3,6.62,,,,,,,,,8.08,,1.85318744,,,,,
A2,-5.983527778,106.7473056,BAIK,0,,,,,1.14,,8.15,,,,,30.0,6.57,,,,,,,,,8.12,,2.06019242,,,,,
A3,-5.972472215,106.7889723,BAIK,0,,,,,1.21,,8.12,,,,,30.0,6.24,,,,,,,,,8.12,,1.73489888,,,,,
A4,-5.964000039,106.8335556,BAIK,0,,,,,1.13,,8.11,,,,,30.8,6.21,,,,,,,,,8.03,,2.23762526,,,,,
A5,-5.952805588,106.8777778,BAIK,0,,,,,1.18,,7.7,,,,,29.0,7.07,,,,,,,,,7.53,,3.0755025600000003,,,,,
A6,-5.941888914,106.9222778,BAIK,0,,,,,1.49,,8.17,,,,,25.0,6.57,,,,,,,,,7.93,,1.85318744,,,,,
A7,-5.933361081,106.9668889,CEMAR RINGAN,1,,,,,1.05,,8.15,,,,,27.1,4.16,,,,,,,,,7.94,,2.4150581,,,,,
Ancol (pasang),-6.115416689,106.8276945,Cemar sedang,2,,,,,54.0,,7.9,,,,,28.6,5.91,,,,,,,,,,,,,,,,
Ancol (surut),-6.115416689,106.8276945,Cemar sedang,2,,,,,73.8,,7.4,,,,,29.1,5.28,,,,,,,,,,,,,,,,
B1,-6.037166677,106.7276667,BAIK,0,,,,,1.53,,8.18,,,,,30.5,5.93,,,,,,,,,7.97,,1.45889224,,,,,
B2,-6.02511107,106.7585,BAIK,0,,,,,1.73,,8.1,,,,,30.1,6.05,,,,,,,,,8.04,,2.00104814,,,,,
B3,-6.016750038,106.8000556,BAIK,0,,,,,2.01,,7.58,,,,,18.5,6.37,,,,,,,,,8.24,,1.74475626,,,,,
B4,-6.005583331,106.8445278,CEMAR RINGAN,1,,,,,1.97,,8.08,,,,,30.0,6.15,,,,,,,,,8.17,,2.8093533,,,,,
B5,-5.994666656,106.8888889,CEMAR RINGAN,1,,,,,2.47,,8.14,,,,,29.5,6.41,,,,,,,,,8.26,,1.0744544200000001,,,,,
B6,-5.98358335,106.9333611,BAIK,0,,,,,4.12,,8.14,,,,,18.7,6.17,,,,,,,,,8.17,,3.0755025600000003,,,,,
B7,-5.975194406,106.9778611,CEMAR RINGAN,1,,,,,3.56,,8.11,,,,,19.0,5.14,,,,,,,,,6.16,,2.59249094,,,,,
C2,-6.069527781,106.7694444,CEMAR RINGAN,1,,,,,2.37,,8.13,,,,,30.0,6.01,,,,,,,,,8.26,,1.80390054,,,,,
C3,-6.060833316,106.8156111,CEMAR RINGAN,1,,,,,1.72,,7.22,,,,,30.2,6.07,,,,,,,,,8.28,,2.38548596,,,,,
C4,-6.05044445,106.85625,CEMAR RINGAN,1,,,,,2.28,,7.19,,,,,29.1,6.33,,,,,,,,,8.24,,1.80390054,,,,,
C5,-6.03561108,106.9005278,CEMAR RINGAN,1,,,,,4.12,,8.06,,,,,29.6,6.42,,,,,,,,,8.35,,2.1193367,,,,,
C6,-6.02752774,106.9509722,BAIK,0,,,,,5.87,,7.95,,,,,29.5,6.15,,,,,,,,,8.2,,1.75461364,,,,,
D3,-6.097138859,106.82625,CEMAR RINGAN,1,,,,,1.89,,8.14,,,,,22.2,5.94,,,,,,,,,8.31,,1.95176124,,,,,
D4,-6.091111097,106.8640833,BAIK,0,,,,,4.67,,8.07,,,,,28.4,5.75,,,,,,,,,8.28,,3.39093872,,,,,
D5,-6.077888897,106.9109167,CEMAR RINGAN,1,,,,,3.16,,8.11,,,,,28.4,5.56,,,,,,,,,8.35,,2.79949592,,,,,
D6,-6.06844442,106.9555,CEMAR RINGAN,1,,,,,7.43,,7.96,,,,,26.3,5.96,,,,,,,,,8.43,,3.14450422,,,,,
Gedung Pompa Pluit (pasang),-6.105250027,106.7973334,Cemar sedang,2,,,,,60.1,,7.7,,,,,28.6,5.38,,,,,,,,,,,,,,,,
Gedung Pompa Pluit (surut),-6.105250027,106.7973334,Cemar sedang,2,,,,,77.7,,7.2,,,,,25.0,5.29,,,,,,,,,,,,,,,,
Kontrol (P1),-5.938916667,106.7157778,Baik,0,,,,,3.5,,7.8,,,,,29.7,7.9,,,,,,,,,,,,,,,,
Muara Angke (pasang),-6.097725006,106.7662056,Cemar sedang,2,,,,,99.4,,7.7,,,,,29.0,5.33,,,,,,,,,,,,,,,,
Muara Angke (surut),-6.097725006,106.7662056,Cemar sedang,2,,,,,78.1,,8.47,,,,,28.3,6.64,,,,,,,,,,,,,,,,
Muara BKT (pasang),-6.092583295,106.9681944,Cemar sedang,2,,,,,76.5,,7.3,,,,,28.3,7.18,,,,,,,,,,,,,,,,
Muara BKT (surut),-6.092583295,106.9681944,Cemar sedang,2,,,,,145.0,,7.15,,,,,29.0,6.75,,,,,,,,,,,,,,,,
Muara Cengkareng Drain (pasang),-6.097777812,106.7558056,Cemar sedang,2,,,,,478.0,,7.0,,,,,28.9,6.22,,,,,,,,,,,,,,,,
Muara Cengkareng Drain (surut),-6.097777812,106.7558056,Cemar sedang,2,,,,,132.0,,7.72,,,,,18.1,6.39,,,,,,,,,,,,,,,,
Muara Cilincing (pasang),-6.097122263,106.9398611,Cemar sedang,2,,,,,89.0,,7.5,,,,,29.0,6.35,,,,,,,,,,,,,,,,
Muara Cilincing (surut),-6.097122263,106.9398611,Cemar sedang,2,,,,,63.1,,7.36,,,,,29.3,5.49,,,,,,,,,,,,,,,,
Muara Gembong (pasang),-6.035861112,106.9822222,Cemar sedang,2,,,,,35.8,,7.8,,,,,29.5,5.18,,,,,,,,,,,,,,,,
Muara Gembong (surut),-6.035861112,106.9822222,Cemar sedang,2,,,,,49.6,,8.65,,,,,29.7,6.2,,,,,,,,,,,,,,,,
Muara Kamal (pasang),-6.080777803,106.7346111,Cemar sedang,2,,,,,63.0,,7.9,,,,,26.9,6.35,,,,,,,,,,,,,,,,
Muara Kamal (surut),-6.080777803,106.7346111,Cemar sedang,2,,,,,64.2,,8.83,,,,,28.8,6.99,,,,,,,,,,,,,,,,
Muara Karang (pasang),-6.101847226,106.7851944,Cemar sedang,2,,,,,100.0,,7.9,,,,,28.7,5.88,,,,,,,,,,,,,,,,
Muara Karang (surut),-6.101847226,106.7851944,Cemar sedang,2,,,,,50.2,,8.3,,,,,29.3,5.15,,,,,,,,,,,,,,,,
Muara Marunda (pasang),-6.097111115,106.9569444,Cemar sedang,2,,,,,173.0,,7.5,,,,,28.3,6.55,,,,,,,,,,,,,,,,
Muara Marunda (surut),-6.097111115,106.9569444,Cemar sedang,2,,,,,209.0,,7.11,,,,,28.0,3.4,,,,,,,,,,,,,,,,
Pulau Dolpin,-5.585916667,106.5488333,Cemar ringan,1,,,,,7.8,,8.12,,,,,30.6,7.1,,,,,,,,,,,,,,,,
Pulau Harapan,-5.650083333,106.5678611,Baik,0,,,,,7.6,,7.54,,,,,30.4,7.0,,,,,,,,,,,,,,,,
Pulau Lancang,-5.92675,106.5923889,Baik,0,,,,,5.0,,7.34,,,,,29.4,8.02,,,,,,,,,,,,,,,,
Pulau Pari,-5.86825,106.615,Baik,0,,,,,5.1,,8.32,,,,,30.4,8.28,,,,,,,,,,,,,,,,
Pulau Semak,-5.722527778,106.5678611,Cemar ringan,1,,,,,3.8,,7.85,,,,,30.4,7.12,,,,,,,,,,,,,,,,
Pulau Tidung,-5.805166667,106.5116944,Baik,0,,,,,3.4,,8.29,,,,,30.2,8.06,,,,,,,,,,,,,,,,
Sunter (pasang),-6.096361103,106.9053889,Baik,0,,,,,67.4,,7.7,,,,,28.5,6.94,,,,,,,,,,,,,,,,
Sunter (surut),-6.096361103,106.9053889,Baik,0,,,,,56.6,,7.56,,,,,28.2,6.51,,,,,,,,,,,,,,,,
MUARA KAMAL SURUT,S 06o04’50.8”,E 106o44’04.6” 1 1 1 1,CEMAR RINGAN,1,,,,,,,,,,,,,,,,,,,,,,8.34,,20.3,,,,,
MUARA BKT PASANG,S 06o05’33.3”,E 106o58’05.5” 1 1 1 1,CEMAR RINGAN,1,,,,,,,,,,,,,,,,,,,,,,7.62,,48.9,,,,,
MUARA BKT SURUT,S 06o05’33.3”,E 106o58’05.5” 1 1 1 1,CEMAR SEDANG,2,,,,,,,,,,,,,,,,,,,,,,7.56,,45.2,,,,,
ANCOL PASANG,S 06o06’55.5”,E 106o49’39.7” 1 1 1 1,CEMAR RINGAN,1,,,,,,,,,,,,,,,,,,,,,,7.88,,4.3,,,,,
ANCOL SURUT,S 06o06’55.5”,E 106o49’39.7” 1 1 1 1,CEMAR RINGAN,1,,,,,,,,,,,,,,,,,,,,,,7.92,,6.8,,,,,
CILINCING PASANG,S 06o05’49.64”,E 06o56’23.46” 1 1 1 1,CEMAR RINGAN,1,,,,,,,,,,,,,,,,,,,,,,8.45,,35.6,,,,,
CILINCING SURUT,S 06o05’49.64”,E 06o56’23.46” 1 1 1 1,CEMAR RINGAN,1,,,,,,,,,,,,,,,,,,,,,,7.48,,77.2,,,,,
MARUNDA PASANG,S 06o05’49.6”,E 106o57’25.0” 1 1 1 1,CEMAR RINGAN,1,,,,,,,,,,,,,,,,,,,,,,7.73,,68.2,,,,,
MARUNDA SURUT,S 06o05’49.6”,E 106o57’25.0” 1 1 1 1,CEMAR SEDANG,2,,,,,,,,,,,,,,,,,,,,,,7.48,,78.1,,,,,
MUARA GEMBONG PASANG,S 06o02’09.1”,E 106o58’56.0” 1 1 1 1,CEMAR RINGAN,1,,,,,,,,,,,,,,,,,,,,,,8.72,,70.4,,,,,
MUARA GEMBONG SURUT,S 06o02’09.1”,E 106o58’56.0” 1 1 1 1,CEMAR RINGAN,1,,,,,,,,,,,,,,,,,,,,,,8.07,,55.4,,,,,
POMPA PLUIT PASANG,S 06o06’18.9”,E 106o47’50.4” 1 1 1 1,CEMAR RINGAN,1,,,,,,,,,,,,,,,,,,,,,,8.2,,61.3,,,,,
POMPA PLUIT SURUT,S 06o06’18.9”,E 106o47’50.4” 1 1 1 1,CEMAR RINGAN,1,,,,,,,,,,,,,,,,,,,,,,8.23,,53.6,,,,,
MUARA KARANG PASANG,S 06o06’06.65”,E 106o47’06.70” 1 1 1 1,CEMAR RINGAN,1,,,,,,,,,,,,,,,,,,,,,,7.89,,36.8,,,,,
MUARA KARANG SURUT,S 06o06’06.65”,E 106o47’06.70” 1 1 1 1,CEMAR RINGAN,1,,,,,,,,,,,,,,,,,,,,,,7.64,,45.5,,,,,
MUARA ANGKE PASANG,S 06o05’51.81”,E 106o45’58.34” 1 1 1 1,CEMAR SEDANG,2,,,,,,,,,,,,,,,,,,,,,,7.34,,93.2,,,,,
MUARA ANGKE SURUT,S 06o05’51.81”,E 106o45’58.34” 1 1 1 1,CEMAR RINGAN,1,,,,,,,,,,,,,,,,,,,,,,7.09,,67.8,,,,,
CENGKARENG DRAIN PASANG,S 06o05’52.0”,E 106o45’20.9” 1 1 1 1,CEMAR RINGAN,1,,,,,,,,,,,,,,,,,,,,,,8.11,,33.4,,,,,
CENGKARENG DRAIN SURUT,S 06o05’52.0”,E 106o45’20.9” 1 1 1 1,CEMAR RINGAN,1,,,,,,,,,,,,,,,,,,,,,,7.8,,23.2,,,,,
MUARA KAMAL PASANG,S 06o04’50.8”,E 106o44’04.6” 1 1 1 1,CEMAR RINGAN,1,,,,,,,,,,,,,,,,,,,,,,7.69,,18.9,,,,,
PULAU HARAPAN,S 05o56’30.8”,E 106o55’20.2” 1 1,BAIK,0,,,,,,,,,,,,,,,,,,,,,,8.01,,2.7,,,,,
PULAU SEMAK DAUN,S 05o56’00.1”,E 106o58’00.8” 1 1,BAIK,0,,,,,,,,,,,,,,,,,,,,,,7.94,,1.5,,,,,
PULAU DOLPIN,S 06o02’13.8”,E 106o43’39.6” 1 1,BAIK,0,,,,,,,,,,,,,,,,,,,,,,7.93,,2.2,,,,,
SUNTER PASANG,S 06o05’46.9”,E 106o54’19.4” 1 1 1 1,CEMAR RINGAN,1,,,,,,,,,,,,,,,,,,,,,,7.46,,50.2,,,,,
SUNTER SURUT,S 06o05’46.9”,E 106o54’19.4” 1 1 1 1,CEMAR RINGAN,1,,,,,,,,,,,,,,,,,,,,,,7.18,,82.6,,,,,
KONTROL,"S 05°53'00.6""","E 106°42'56.7"" 1 1",BAIK,0,,,,,,,,,,,,,,,,,,,,,,8.07,,1.7,,,,,
PULAU LANCANG,"S 05°55'51.8""","E 106°35'07.2"" 1 1",BAIK,0,,,,,,,,,,,,,,,,,,,,,,8.06,,2.3,,,,,
PULAU PARI,"S 05°51'57.5""","E 106°36'58.7"" 1 1",TERCEMAR RINGAN,1,,,,,,,,,,,,,,,,,,,,,,8.14,,2.8,,,,,
PULAU TIDUNG,S 05o57’50.4”,E 106o50’00.8” 1 1,BAIK,0,,,,,,,,,,,,,,,,,,,,,,7.94,,1.1,,,,,
